序号	 ,openid	 ,性别	 ,
0	 ,oM_ks08ja9xfYmddEAxw3WH8RWsQ	 ,男	 ,	 ,
1	 ,oM_ks0_BBZVK4UjYW7ujWN-f-_dc	 ,0	 ,	 ,
2	 ,oM_ks0_vcEOpxmlDXuUDSDWUk2dU	 ,男	 ,	 ,
3	 ,oM_ks03BlysFb_46f0bQ8nUdO0HE	 ,女	 ,	 ,
4	 ,oM_ks091DHmIk7X03m3Z3jCoE_Q8	 ,男	 ,	 ,
5	 ,oM_ks09nfHQ3uetn_cpRLz7mrWeE	 ,男	 ,	 ,
6	 ,oM_ks04RcLOj55NZhMgVwkNdqyR0	 ,男	 ,	 ,
7	 ,oM_ks03ULDcSs5hL0vUi1-xt0Lf8	 ,男	 ,	 ,
8	 ,oM_ks02HejZhETymDJPhOZV-nflI	 ,男	 ,	 ,
9	 ,oM_ks0_pjT79J1XwXt4_48Y7ARD4	 ,男	 ,	 ,
10	 ,oM_ks0_S11sT4GV7Bx6qFmP85Iuo	 ,男	 ,	 ,
11	 ,oM_ks06x8Qypba4MHJNfKacaBIxI	 ,男	 ,	 ,
12	 ,oM_ks0739sOqIfOAP80-5UYE9VrI	 ,男	 ,	 ,
13	 ,oM_ks01nlwoyqhWLfub7I38MJpB4	 ,男	 ,	 ,
14	 ,oM_ks06xPg9gXoGQgkbOw20D-8W4	 ,女	 ,	 ,
15	 ,oM_ks098h8agZsubPJhXq392nun4	 ,男	 ,	 ,
16	 ,oM_ks0xHjuJ6lz7Z82KW2niVoe5s	 ,男	 ,	 ,
17	 ,oM_ks0_ICDGgSXLT0wysyximbIyk	 ,男	 ,	 ,
18	 ,oM_ks0xdJ5KHJKUviT-zrRpBYtaI	 ,男	 ,	 ,
19	 ,oM_ks03fbnZ13c2SrXiK0clL3NbE	 ,男	 ,	 ,
20	 ,oM_ks07gieu0uH3U4Vzm73M55oKM	 ,男	 ,	 ,
21	 ,oM_ks00SjXu63wTie47R4x6p-z-8	 ,男	 ,	 ,
22	 ,oM_ks0yp2pcXycIfb0DwqBfj1Fqc	 ,女	 ,	 ,
23	 ,oM_ks0zB3h8-MAam-t2s5iljYuuk	 ,男	 ,	 ,
24	 ,oM_ks0wIyyVLH0C5loqxsPr7j1m8	 ,男	 ,	 ,
25	 ,oM_ks0zV38LZibP2znBMaXXaWt9g	 ,女	 ,	 ,
26	 ,oM_ks0wEUPH7lxPKf6rgTRTGRclU	 ,男	 ,	 ,
27	 ,oM_ks01cDnq1xLGyDIpjydQjjVgM	 ,女	 ,	 ,
28	 ,oM_ks03X2JNJsN2uJrFtnThMRG9c	 ,男	 ,	 ,
29	 ,oM_ks0zAk8Hd45YCTNj9248W2VX8	 ,男	 ,	 ,
30	 ,oM_ks04p3bu-_116gXpYtD6arQ8o	 ,男	 ,	 ,
31	 ,oM_ks0-Ztin0uSeE8ZJJrLlGxUGM	 ,男	 ,	 ,
32	 ,oM_ks0-VYUm1xoQz6CPuG9hSc764	 ,女	 ,	 ,
33	 ,oM_ks09ryvmOKh-oYDKRNeIgTNu4	 ,男	 ,	 ,
34	 ,oM_ks01Xt8UpxrTEgQ-FhcfvKMns	 ,0	 ,	 ,
35	 ,oM_ks01lUG1MxvPxfiBil0BVRAQk	 ,女	 ,	 ,
36	 ,oM_ks02byzwcPHfYetNPsUcoZVY4	 ,男	 ,	 ,
37	 ,oM_ks003INv0sHFRBSQ28wRfct2M	 ,男	 ,	 ,
38	 ,oM_ks0wUGL2MgjqxDKf7CehcCgjM	 ,男	 ,	 ,
39	 ,oM_ks0zTRj7ijYgObcZSTpxH5fuQ	 ,0	 ,	 ,
40	 ,oM_ks0xKcIUQ6wPkOBK7ds_8rZNM	 ,女	 ,	 ,
41	 ,oM_ks01yM8es_kghzaSMG7YpZxwk	 ,男	 ,	 ,
42	 ,oM_ks0xMIHtOhOfyoi-oSVY8Pe_k	 ,0	 ,	 ,
43	 ,oM_ks0xndTb0HkDWHlaLFOcODGnA	 ,男	 ,	 ,
44	 ,oM_ks05yYioTSQiYRUSs7R2VeUYI	 ,男	 ,	 ,
45	 ,oM_ks04WynDqYSP28FVmMxIhB7Cc	 ,男	 ,	 ,
46	 ,oM_ks0_hnpYFMIh1G-Ta1WwODZQU	 ,男	 ,	 ,
47	 ,oM_ks0x8UfDPUXUbjQnruN8P9OnE	 ,男	 ,	 ,
48	 ,oM_ks09WlDdDkS8ciRxQ0kRBRR3w	 ,女	 ,	 ,
49	 ,oM_ks09KNNu54hValMQm8zzn0zt8	 ,男	 ,	 ,
50	 ,oM_ks002a8OA7rF5Py75qBp9reUM	 ,男	 ,	 ,
51	 ,oM_ks0w-tt5yY1KETO8ryQefVDI8	 ,男	 ,	 ,
52	 ,oM_ks0yoa-tgV45RVo1tyeYnSsZY	 ,男	 ,	 ,
53	 ,oM_ks02sPFkk9-fisG0yruZYAffc	 ,男	 ,	 ,
54	 ,oM_ks0-LaK9NFdZ7tVnVnCe0_T5Q	 ,男	 ,	 ,
55	 ,oM_ks00tGAYTBEPydzJq9oJyQVw8	 ,0	 ,	 ,
56	 ,oM_ks06WC9I3RFSmc0wotrQ47mw0	 ,0	 ,	 ,
57	 ,oM_ks0xCWdUlDmXv2kczvxibSOGw	 ,男	 ,	 ,
58	 ,oM_ks082NsRPXl9uZQTkVyLe5Yf8	 ,0	 ,	 ,
59	 ,oM_ks058WiwzSLLBZUImN_X3jJV4	 ,男	 ,	 ,
60	 ,oM_ks07OQHI8SAr0PVQ2mw-Nvj90	 ,女	 ,	 ,
61	 ,oM_ks022-pVeTs5PlWYbDtU-odoo	 ,0	 ,	 ,
62	 ,oM_ks09XiQJ26k1pZkyHJ77ci7Jc	 ,男	 ,	 ,
63	 ,oM_ks05og7UspwB8M2kNJ2ayAhXA	 ,男	 ,	 ,
64	 ,oM_ks07fere85i9dtuimAyPM2DgM	 ,男	 ,	 ,
65	 ,oM_ks01fh-zn5v54Iz1wDuQ23vYA	 ,0	 ,	 ,
66	 ,oM_ks081_8qiNpOBpi2GG-MZtDEw	 ,0	 ,	 ,
67	 ,oM_ks05pa1E-WBrbDy6P8WhlPQcI	 ,0	 ,	 ,
68	 ,oM_ks023lrME4Avodpi1_gn-Bm78	 ,男	 ,	 ,
69	 ,oM_ks06eUMLpmMORHgUu7D_USj6k	 ,0	 ,	 ,
70	 ,oM_ks0-Ud3h7-trpJ1SbRNqWg8Kw	 ,0	 ,	 ,
71	 ,oM_ks00DgaoINVEI60kAzfodViSM	 ,男	 ,	 ,
72	 ,oM_ks07W4OFJw7S3Pbw6k0bigbVI	 ,男	 ,	 ,
73	 ,oM_ks09f-571LEVIR4gYCr3IFc2s	 ,男	 ,	 ,
74	 ,oM_ks0zp9BnFI_2rvM8ewdtTKDEk	 ,男	 ,	 ,
75	 ,oM_ks050zFfm-LMXOj9sV8w3un-Y	 ,男	 ,	 ,
76	 ,oM_ks09IBKKDOyskYtahyxnY5-nA	 ,男	 ,	 ,
77	 ,oM_ks0ww57KjLbuCZQ7ww_vVNjjk	 ,男	 ,	 ,
78	 ,oM_ks0xzM1wCisrf1-BZIlHWhMjU	 ,男	 ,	 ,
79	 ,oM_ks0zpYb_SoFlPrvaQ8RSWCPw0	 ,男	 ,	 ,
80	 ,oM_ks09YFzxGoWLVqgU-vjlxMFVw	 ,男	 ,	 ,
81	 ,oM_ks0zK9KNt0hYEvAIZazDtA5-g	 ,女	 ,	 ,
82	 ,oM_ks089BQ_NaBSCbOMHn6tDcFw4	 ,男	 ,	 ,
83	 ,oM_ks0xGevEm1UVViESqThleYxbs	 ,女	 ,	 ,
84	 ,oM_ks0_SoI9aOCEOjJtnZl2ssyk4	 ,男	 ,	 ,
85	 ,oM_ks0zsUNkmPhZgqUUzOMhLzsqI	 ,男	 ,	 ,
86	 ,oM_ks01SZV2M0NmB0Ka6rRZaZ70c	 ,男	 ,	 ,
87	 ,oM_ks01Xsyr-IEs62O8eY8t6Q8fc	 ,男	 ,	 ,
88	 ,oM_ks0zlWVmQqKTiqVbhMe6U--6c	 ,男	 ,	 ,
89	 ,oM_ks05lBPqHuAJkoDREP0Uxf_74	 ,男	 ,	 ,
90	 ,oM_ks0zT9pAyBs5zX2MA4xBl35NU	 ,男	 ,	 ,
91	 ,oM_ks00N5JdWMzpFUDh-Cz0_1l6o	 ,女	 ,	 ,
92	 ,oM_ks00fxRirVnnoyAglHXj530hE	 ,男	 ,	 ,
93	 ,oM_ks0_XGB30sj7-T3Khl4q9mvUg	 ,男	 ,	 ,
94	 ,oM_ks06C9h5OPp2yHtzKtUYsL-AQ	 ,男	 ,	 ,
95	 ,oM_ks0_N0sjDVeiDtclmeLoYo01Q	 ,男	 ,	 ,
96	 ,oM_ks0xL4OKJvuLMqjrNrJxkhhNs	 ,男	 ,	 ,
97	 ,oM_ks0wxc-M867B9dYFNBsL40VGY	 ,男	 ,	 ,
98	 ,oM_ks07PcjjVlgy12LfVtom2JDiA	 ,男	 ,	 ,
99	 ,oM_ks0wxvLXmyEr_PTGciV9Y0EqM	 ,男	 ,	 ,
100	 ,oM_ks0xOp93GWMxBBCg2CSeupMAs	 ,男	 ,	 ,
101	 ,oM_ks0xsWgareTbUuB8VaRaTdnD8	 ,男	 ,	 ,
102	 ,oM_ks0yftoVDE3hxVntSM4nC7v6U	 ,男	 ,	 ,
103	 ,oM_ks00Yx37uNdyWgtbZ6ZIW4EVU	 ,男	 ,	 ,
104	 ,oM_ks06xk1i3IUVwBEi7hClB6Gf8	 ,男	 ,	 ,
105	 ,oM_ks01fVTPBYC9fWOs72tC1UBnw	 ,男	 ,	 ,
106	 ,oM_ks09B3ixNZnh7K0z2-lz9Jy9Q	 ,男	 ,	 ,
107	 ,oM_ks00HQr7ANyVBmNpUfeFc1J4A	 ,男	 ,	 ,
108	 ,oM_ks03a07UjNFv1xTS3hqTd43UQ	 ,0	 ,	 ,
109	 ,oM_ks0x4XQottmmgqAL6qJw4SKTc	 ,男	 ,	 ,
110	 ,oM_ks0-TMDLR_eUBqQxK31-xe9xU	 ,男	 ,	 ,
111	 ,oM_ks06KCJiAqCDCsewhk6PPH4VE	 ,男	 ,	 ,
112	 ,oM_ks051_6rygAK-H5PNsryDDjzg	 ,男	 ,	 ,
113	 ,oM_ks04bZOI9--ihdCmcCUTHnExA	 ,男	 ,	 ,
114	 ,oM_ks06tB_TFh7BAx7PDVKccV2x8	 ,男	 ,	 ,
115	 ,oM_ks0wnZlAhM21Q7Uy6qQQqsQNw	 ,男	 ,	 ,
116	 ,oM_ks034_HBIM4nQaQsrz9V5YTuY	 ,女	 ,	 ,
117	 ,oM_ks09UoMW5HPETfXTWZb1z3KbA	 ,男	 ,	 ,
118	 ,oM_ks00AUmdIdEfArlgFPpG4M98c	 ,男	 ,	 ,
119	 ,oM_ks0_CtewaL-5Ab8ZSxbXpg7Vw	 ,男	 ,	 ,
120	 ,oM_ks0yHlfTs3eHkIqOLJEUFGL5Q	 ,男	 ,	 ,
121	 ,oM_ks06xSiJ7rPA2izyj9xDLzGOA	 ,男	 ,	 ,
122	 ,oM_ks08paPEMSqF6N-JvXY0wFIQ0	 ,男	 ,	 ,
123	 ,oM_ks05ix3zq6uXdJtkCrl0miJzU	 ,男	 ,	 ,
124	 ,oM_ks078kmJwnWChh4fDJKPE0m0c	 ,男	 ,	 ,
125	 ,oM_ks0-w7z8gOP287HpP3pMUA6sU	 ,男	 ,	 ,
126	 ,oM_ks0ykyXho47aG7U13kdADAQ7Q	 ,男	 ,	 ,
127	 ,oM_ks04SPxpLdi1qQkDO_JLcwDjk	 ,男	 ,	 ,
128	 ,oM_ks0x5H8hY-6jd2IxXjwSJnn4I	 ,男	 ,	 ,
129	 ,oM_ks0-lCTfcOClb6mh5WiVVS3lo	 ,女	 ,	 ,
130	 ,oM_ks01DuI6eOuJYjIX_Wnd_kRsc	 ,男	 ,	 ,
131	 ,oM_ks05RckX9uKzdViojgkizS4fc	 ,男	 ,	 ,
132	 ,oM_ks01e2vEsT-7NS59S-0EyDCts	 ,0	 ,	 ,
133	 ,oM_ks09b2Ot68bwwcA_BJJFyPcU0	 ,0	 ,	 ,
134	 ,oM_ks04ZKeFx8I2-VDAg5pMtufaI	 ,男	 ,	 ,
135	 ,oM_ks0zNe83KZj8u08IqkyN8uAvg	 ,男	 ,	 ,
136	 ,oM_ks014SQ1dQbNFaykUr4sosXf8	 ,0	 ,	 ,
137	 ,oM_ks09kVWwTcF7QnyqHoCh6RZA8	 ,男	 ,	 ,
138	 ,oM_ks0zVqAFlfwYi6PVy2MT0pajc	 ,男	 ,	 ,
139	 ,oM_ks0y8iPJooKPh5R_DWQxmHdU0	 ,男	 ,	 ,
140	 ,oM_ks068Xn4AH03tLq44jQJoqzNg	 ,0	 ,	 ,
141	 ,oM_ks02ZPfVBwRCr-tiMybTSa0BY	 ,男	 ,	 ,
142	 ,oM_ks07PLNcKM7LyA0x3oxb71G4I	 ,男	 ,	 ,
143	 ,oM_ks07Lg8VEmfSVC90sJ9v9gmKI	 ,男	 ,	 ,
144	 ,oM_ks038oEgrq_5zTGmUOCDwwSmM	 ,男	 ,	 ,
145	 ,oM_ks0ybztPbKTgl2z8YnVPZwzR4	 ,男	 ,	 ,
146	 ,oM_ks093zWnDaUuUL6uwtQRg7ZXM	 ,男	 ,	 ,
147	 ,oM_ks07cASYDQJeEFhM6JKphIxYY	 ,男	 ,	 ,
148	 ,oM_ks0__7r4nNG7jI7wqvlkIcCRg	 ,男	 ,	 ,
149	 ,oM_ks0xxYseY60BkLZdaqrH4t1uQ	 ,男	 ,	 ,
150	 ,oM_ks02WCimmOtWsfqs8nB-M7FSI	 ,男	 ,	 ,
151	 ,oM_ks02cJYKMJ7E0FEnZVFFw-klA	 ,男	 ,	 ,
152	 ,oM_ks0-olpVMEY6Eg3vSc43HEiU8	 ,男	 ,	 ,
153	 ,oM_ks0xeC1LxlQFEEPY4QqKOH0hM	 ,0	 ,	 ,
154	 ,oM_ks09WloVRAw3FJZWH7OiXD4uU	 ,男	 ,	 ,
155	 ,oM_ks01bmrdVcKHv8HPl1qX8GHhE	 ,男	 ,	 ,
156	 ,oM_ks09tvs8thcii1o4hD9Osg4jU	 ,女	 ,	 ,
157	 ,oM_ks09KTMJJ4UjiQ3WgAVuRdbgg	 ,男	 ,	 ,
158	 ,oM_ks0_NU7ai2PP36FYnxqAOaPLM	 ,男	 ,	 ,
159	 ,oM_ks06rJlylabE25j7VV_c9tvKw	 ,女	 ,	 ,
160	 ,oM_ks07mgdtfRB56j5nE6NCR3Yww	 ,0	 ,	 ,
161	 ,oM_ks08j3f9qKVmzQ1Q8BcgRPe0U	 ,女	 ,	 ,
162	 ,oM_ks01eaaBQf1CxGOmEhP_umKCE	 ,男	 ,	 ,
163	 ,oM_ks0wA1SYoXJrGHUmje-UtS4c8	 ,0	 ,	 ,
164	 ,oM_ks03QR1xnPQTsOakyXwceHPcE	 ,男	 ,	 ,
165	 ,oM_ks03WjzUTodblcXwKWlYPKwDw	 ,男	 ,	 ,
166	 ,oM_ks0zgafxFIE-VGxneO9dLFVdg	 ,男	 ,	 ,
167	 ,oM_ks06gqyZITmZxiE_hEmduBurI	 ,男	 ,	 ,
168	 ,oM_ks05i7iuhj15bMlmsBaFxIqwQ	 ,男	 ,	 ,
169	 ,oM_ks06jjw3kNFxD8ZW7dUzLbA7A	 ,男	 ,	 ,
170	 ,oM_ks0xO2mQ1Eqku660hVlGQLJ1U	 ,0	 ,	 ,
171	 ,oM_ks09uDnfhF29d9rMn_awTOwwo	 ,男	 ,	 ,
172	 ,oM_ks01iX-oJJRiTjYxiBLm0pN0o	 ,女	 ,	 ,
173	 ,oM_ks00w06BJX3ldCo6qg-IE0YL4	 ,男	 ,	 ,
174	 ,oM_ks0-Nemy-Ocre2uoue7yOn-VE	 ,男	 ,	 ,
175	 ,oM_ks01zJvKrIXn0jWxajpGWuyso	 ,男	 ,	 ,
176	 ,oM_ks030Zj0NE-qcMr5-ITgLrwM8	 ,男	 ,	 ,
177	 ,oM_ks0xXIZDQm-qqk19m8gjPtS0s	 ,男	 ,	 ,
178	 ,oM_ks0zID-WbnEAEwV5NCmRerNK8	 ,男	 ,	 ,
179	 ,oM_ks0zcsHPHPEMx2G6iJP1cugH4	 ,男	 ,	 ,
180	 ,oM_ks0x9cw8QMnWaXz-gyBjMt5-M	 ,男	 ,	 ,
181	 ,oM_ks0wQuh6qLpKvutP5UyRZnsq0	 ,男	 ,	 ,
182	 ,oM_ks0xjrWzNpmjO-UovsrRgE0UE	 ,男	 ,	 ,
183	 ,oM_ks0-ZGa848qma8D24PpFWXv6k	 ,男	 ,	 ,
184	 ,oM_ks087WrVccfKgqfXXXcKc2fa0	 ,男	 ,	 ,
185	 ,oM_ks0z8EjKHyL9cH2nOWjRmCAJ0	 ,男	 ,	 ,
186	 ,oM_ks0xHgE-oOoOD8OlYRBz95XaU	 ,男	 ,	 ,
187	 ,oM_ks0-jS0LNueROXZ9_bQBw9tak	 ,男	 ,	 ,
188	 ,oM_ks0yXL-XbtRkU4E4sxnvXUaTg	 ,男	 ,	 ,
189	 ,oM_ks0_TfXlRctc7L_CKhtv5mEMw	 ,男	 ,	 ,
190	 ,oM_ks08Ayod27rNIiblT8_3B4VDM	 ,男	 ,	 ,
191	 ,oM_ks06IWgnJ1j0rbLDJdGUAGP_U	 ,男	 ,	 ,
192	 ,oM_ks0_90RHU0MXzacvNEFNillo8	 ,男	 ,	 ,
193	 ,oM_ks016pjM6dgjjwji1PF2iN8zs	 ,男	 ,	 ,
194	 ,oM_ks00JvIptKWpqruk45j90ENvk	 ,男	 ,	 ,
195	 ,oM_ks06KWq9UZr2frx-nNFKpQKmU	 ,男	 ,	 ,
196	 ,oM_ks0whkd-SHWIacPoZeWoK1ssw	 ,男	 ,	 ,
197	 ,oM_ks07OSZsPAMUtW1-izb9tDGfI	 ,男	 ,	 ,
198	 ,oM_ks0wck-p0Ct9foiuadQvYvbJU	 ,男	 ,	 ,
199	 ,oM_ks05JcOMJC7p40yaVfkXcnAQ0	 ,男	 ,	 ,
200	 ,oM_ks09J8NPYVf74RS6X7ZyLiaBA	 ,男	 ,	 ,
201	 ,oM_ks00Et5B7KIZBYavn4HjiA2js	 ,男	 ,	 ,
202	 ,oM_ks027GwUw3RgT3xN3PBbWPMDw	 ,男	 ,	 ,
203	 ,oM_ks08wjtJSfq7VZPa4UvAMkJIo	 ,男	 ,	 ,
204	 ,oM_ks09S0jqA4_ySnTPmwwLGRIfA	 ,男	 ,	 ,
205	 ,oM_ks04Ft7qEWfoxyAtayfp7im6Y	 ,男	 ,	 ,
206	 ,oM_ks03DKCKdKrdzFHS7Jtv1M4JI	 ,男	 ,	 ,
207	 ,oM_ks081LpS2FRlj-3NU8uZmdx7U	 ,男	 ,	 ,
208	 ,oM_ks05K3u47iDF1ZiCo3QmcXtuk	 ,男	 ,	 ,
209	 ,oM_ks0w5q7RT19EF1RsI6nx8fOgU	 ,男	 ,	 ,
210	 ,oM_ks0wqP6La5ZHFDMufDirT7pfY	 ,男	 ,	 ,
211	 ,oM_ks04fTwzAV1wMZwUM5_xB53BM	 ,男	 ,	 ,
212	 ,oM_ks07m2oqpn6dCGcHCvTeLa4rk	 ,男	 ,	 ,
213	 ,oM_ks04kXNP_C8T8RSA2jp5U8COY	 ,男	 ,	 ,
214	 ,oM_ks07A1BzsjMY83LD88TT9xjS4	 ,男	 ,	 ,
215	 ,oM_ks0we52sJV6HCkDAEcBmDYIDg	 ,男	 ,	 ,
216	 ,oM_ks03pFurck6l3Ai95iMf1A1bo	 ,男	 ,	 ,
217	 ,oM_ks03nMCVZnqLjbbhfDNH6b4ow	 ,男	 ,	 ,
218	 ,oM_ks0-f2-BLcY4jlZkUjJ6RkoWk	 ,男	 ,	 ,
219	 ,oM_ks03HhPt6vmz9Gof8KMZ5b4jI	 ,男	 ,	 ,
220	 ,oM_ks0ysGVnzuJIiVEdlYPM4fNlU	 ,男	 ,	 ,
221	 ,oM_ks0yVCah5rAW0B3VSPCWUhOTY	 ,男	 ,	 ,
222	 ,oM_ks08T6P7_59Fxc4tsPusRzw14	 ,男	 ,	 ,
223	 ,oM_ks0z_AtcgbN3_HV4EsEJWOgTw	 ,男	 ,	 ,
224	 ,oM_ks0zv_TFswYzchaGH6ozNoj4Y	 ,男	 ,	 ,
225	 ,oM_ks0wFnaZgaYRyZc-fGlhzFH2E	 ,男	 ,	 ,
226	 ,oM_ks09wEI6wvGp1r8G8nS_7UZeo	 ,男	 ,	 ,
227	 ,oM_ks02dGEL4WYcoYPqeaOVyceIo	 ,男	 ,	 ,
228	 ,oM_ks06fjJnQZ8etWUFhCwTYautE	 ,男	 ,	 ,
229	 ,oM_ks06KktoEnYo-O8eKgjGVRcdg	 ,男	 ,	 ,
230	 ,oM_ks08jCz_x0Nkk0P0RKv83rN4E	 ,男	 ,	 ,
231	 ,oM_ks04PWmEkcuEuGeGrcH1f0bNw	 ,男	 ,	 ,
232	 ,oM_ks020cpXTq-AXrt_0bMSnz8Rw	 ,男	 ,	 ,
233	 ,oM_ks09vZnFBU8F-XhUg8vGLhMWE	 ,男	 ,	 ,
234	 ,oM_ks09Cc1nABtqlMW5ZDM5kjxXs	 ,男	 ,	 ,
235	 ,oM_ks05-FWkqvuD8Ir3Ttzv3oIko	 ,男	 ,	 ,
236	 ,oM_ks0yKEv3UeSUXkJUyyuZ8ZCFY	 ,男	 ,	 ,
237	 ,oM_ks08x6CP7kO320Qh1FjJUrfZY	 ,男	 ,	 ,
238	 ,oM_ks01Y1jAB-zlcYfXeR82J4VH4	 ,0	 ,	 ,
239	 ,oM_ks03VMKbagpnrl9ohwn31FCtY	 ,男	 ,	 ,
240	 ,oM_ks01Fsl5j5KoooO9_k2kBIphw	 ,男	 ,	 ,
241	 ,oM_ks06swB1uDuPwTBunpjtqvcoU	 ,男	 ,	 ,
242	 ,oM_ks0wl8r-7GI1afcXkvQcBsYbQ	 ,女	 ,	 ,
243	 ,oM_ks0yA0Qx-EvH-DLhO2DwWOevQ	 ,男	 ,	 ,
244	 ,oM_ks0w1s9Rav82qb--pfEE2IhNU	 ,男	 ,	 ,
245	 ,oM_ks0zX-jGfxQIZVK8nDzIwdVkE	 ,男	 ,	 ,
246	 ,oM_ks0551fhUgLZ1zYA-hRZBRj2o	 ,男	 ,	 ,
247	 ,oM_ks00YKxBHtgHVtGGJqFhQgC88	 ,男	 ,	 ,
248	 ,oM_ks08K2edRtvXxnADuvoCknMWE	 ,男	 ,	 ,
249	 ,oM_ks0xtQozUpwcJNxbzaonHOpK0	 ,男	 ,	 ,
250	 ,oM_ks09l08yduj1irjBYnyoOtvvk	 ,男	 ,	 ,
251	 ,oM_ks05Zqm_4HtLMjKVl4NMEQnt0	 ,男	 ,	 ,
252	 ,oM_ks01q3k3cnVwuEiG3xsoffGL8	 ,男	 ,	 ,
253	 ,oM_ks07aXuLHsSodSSzobiI4iLhk	 ,男	 ,	 ,
254	 ,oM_ks0yWbveAdVZjlUaH3MTW9060	 ,男	 ,	 ,
255	 ,oM_ks0zLWGa0tfA5RWaIsYmUcUI0	 ,女	 ,	 ,
256	 ,oM_ks08p7JDZCMggpp6vYHPOa03U	 ,男	 ,	 ,
257	 ,oM_ks090BH_ncgocLN4jio3sbGHQ	 ,男	 ,	 ,
258	 ,oM_ks0wOolc9biv0tuLQnaNzbSN0	 ,男	 ,	 ,
259	 ,oM_ks01dRwppAxOiXqQHTB7vT2cE	 ,男	 ,	 ,
260	 ,oM_ks0yR7Vj-jcm5EwpmxgG6UWBU	 ,男	 ,	 ,
261	 ,oM_ks03e-VsKhz80MTMD07lhy9qE	 ,男	 ,	 ,
262	 ,oM_ks08D3V-vVvTThz3M8Cstxa1w	 ,男	 ,	 ,
263	 ,oM_ks00b4eZTZMjR2sQPW0gVIZP4	 ,男	 ,	 ,
264	 ,oM_ks071YYqMV-1XO2u7JWV6mdjA	 ,男	 ,	 ,
265	 ,oM_ks0wFJFcnbarKY0F_g5UupLOM	 ,男	 ,	 ,
266	 ,oM_ks0-M9gdrezHdOo2-5BVsdqA0	 ,男	 ,	 ,
267	 ,oM_ks027CIeHh-fcvG3WSqwulRLA	 ,男	 ,	 ,
268	 ,oM_ks01-MB4ziN9UQOfQV9fBjrmM	 ,男	 ,	 ,
269	 ,oM_ks07uU-dUObUrrTPN6EWi10FM	 ,男	 ,	 ,
270	 ,oM_ks0wjI2FyX68-d8SwIfpSxkdU	 ,男	 ,	 ,
271	 ,oM_ks017HuqKPg-KmioQzGTOz-Po	 ,男	 ,	 ,
272	 ,oM_ks03hkRtpMTiWAsGx1bgMr1v8	 ,男	 ,	 ,
273	 ,oM_ks0yY1vTg4BtgEy_jA-J4JQS8	 ,男	 ,	 ,
274	 ,oM_ks0yVZlmQIpJLvpUI_nsK3EHk	 ,男	 ,	 ,
275	 ,oM_ks01hUHd52lHgLpxuYeyTtI_0	 ,0	 ,	 ,
276	 ,oM_ks01ArKGizuVYPGKDJqldfv7A	 ,男	 ,	 ,
277	 ,oM_ks0yhV6ZN3xIr_7He8alRNomA	 ,男	 ,	 ,
278	 ,oM_ks0_-BygaxkuQ6x5fZ-RXAZHI	 ,男	 ,	 ,
279	 ,oM_ks01UnhRI8v_vZut5K7MT53lk	 ,男	 ,	 ,
280	 ,oM_ks0yrINs0UyF0nqhHt7QA9Zf0	 ,男	 ,	 ,
281	 ,oM_ks08-MuKtDGm5GfndZa6j7Acc	 ,男	 ,	 ,
282	 ,oM_ks0x9FV3Nfrgn6CnmVvdavFc8	 ,男	 ,	 ,
283	 ,oM_ks04ZlZyYqDggwunGzl2U99TM	 ,男	 ,	 ,
284	 ,oM_ks01ziJgf02dkVL_QSrI1ueQA	 ,男	 ,	 ,
285	 ,oM_ks0zfc925ju2kn8aIoSL0ULfs	 ,男	 ,	 ,
286	 ,oM_ks0yqPvxEwFBs-Xg2a7Q7uGog	 ,男	 ,	 ,
287	 ,oM_ks0-lXffmOGXP-oLdR4-KoOD0	 ,男	 ,	 ,
288	 ,oM_ks03MdKJWecn5h-2_ZFoA8qQc	 ,男	 ,	 ,
289	 ,oM_ks0_gdOhFS-BVjJghAhL_goFE	 ,男	 ,	 ,
290	 ,oM_ks07zQPIe9FedFkVP4xrPW68I	 ,男	 ,	 ,
291	 ,oM_ks0-UAfBFkDInPNb-oewBo8Fg	 ,男	 ,	 ,
292	 ,oM_ks0-vgi7gTRMev_QpeWzlsLqk	 ,男	 ,	 ,
293	 ,oM_ks0xaP9M6Bwoq3LDfYA7aiyRw	 ,男	 ,	 ,
294	 ,oM_ks076fzVp0UusLIHCrvXKPqoU	 ,男	 ,	 ,
295	 ,oM_ks03C_zy-L5wfDKEeBOewMtcE	 ,男	 ,	 ,
296	 ,oM_ks0yp-h1Jxro9cMRVBHch5ASg	 ,女	 ,	 ,
297	 ,oM_ks07rfbHA2BGQLnBmdMeVtT0s	 ,男	 ,	 ,
298	 ,oM_ks06e4KoUXhVbnQL4VYs9x7Nk	 ,男	 ,	 ,
299	 ,oM_ks03Q4Dc2brQqkCiI4336anMQ	 ,男	 ,	 ,
300	 ,oM_ks03ZTNszIbDj2X94VSRnmdRE	 ,男	 ,	 ,
301	 ,oM_ks0xA3AbV8OZLRFJkkppx1MKk	 ,男	 ,	 ,
302	 ,oM_ks07IHr-9dbRlCv4NXwa1z4B4	 ,男	 ,	 ,
303	 ,oM_ks0zEqJ5ZvO89MuMal7xXKwj4	 ,男	 ,	 ,
304	 ,oM_ks093LQ6a2xWsnP1EjSVqV7Cw	 ,男	 ,	 ,
305	 ,oM_ks02oTCQ3VsyeqClmsfHOBPUQ	 ,男	 ,	 ,
306	 ,oM_ks0_DAOt13kSoi6XzMCxG_7Bg	 ,男	 ,	 ,
307	 ,oM_ks0zoGFlOlNuL_hOc5RoP1ffE	 ,男	 ,	 ,
308	 ,oM_ks0wL5FUuEOKbHOLdBiO_2BKE	 ,0	 ,	 ,
309	 ,oM_ks030DEDoUHod8CJxL-dcilX4	 ,男	 ,	 ,
310	 ,oM_ks0_QBA029TiJUiWHKV8yZDfk	 ,男	 ,	 ,
311	 ,oM_ks01u62CVLfHK_YfVAmREhErw	 ,男	 ,	 ,
312	 ,oM_ks0_f7eFFzks4v95u6C6RGzpw	 ,男	 ,	 ,
313	 ,oM_ks08Q1wRwUjR-Q3gWrMNYZllk	 ,男	 ,	 ,
314	 ,oM_ks07QRfhVvQdC5G6wZ_kLhmPw	 ,男	 ,	 ,
315	 ,oM_ks0z4rvrCBqDX1NPbf7iS15U0	 ,男	 ,	 ,
316	 ,oM_ks0_Cw1aLAntrf6R1_u9wHq6U	 ,男	 ,	 ,
317	 ,oM_ks04H5bbOZE1X26DypJs-HqbU	 ,男	 ,	 ,
318	 ,oM_ks08SjbB6b1WswDbFypH0sNvc	 ,男	 ,	 ,
319	 ,oM_ks05v408O8WQs_KGGOqciOOWA	 ,男	 ,	 ,
320	 ,oM_ks0wMw1dTeH0fZsXXyblsW3n8	 ,男	 ,	 ,
321	 ,oM_ks04HNepHF1dgQO7wsVceUtAc	 ,男	 ,	 ,
322	 ,oM_ks02CXJ2Pp-Apqhf4VilG9hw0	 ,男	 ,	 ,
323	 ,oM_ks0wugf6yUJa8xDaPO19MTPs4	 ,男	 ,	 ,
324	 ,oM_ks0y_3KN5ffR0GqaLsvkCELyw	 ,男	 ,	 ,
325	 ,oM_ks0w9d0X7Hy6WznikIhSLTtBA	 ,男	 ,	 ,
326	 ,oM_ks086_1Eiqr7Bj-zRcOBkXlcM	 ,男	 ,	 ,
327	 ,oM_ks02JW3TnJqWvNxANd_RKJg1A	 ,男	 ,	 ,
328	 ,oM_ks0xAr7cQDDbfzHVjoG8KLuqU	 ,男	 ,	 ,
329	 ,oM_ks01Ta9KIn1GkbaEGC5AiH9TY	 ,男	 ,	 ,
330	 ,oM_ks0-HxyLKggtOephoWebJkCIU	 ,男	 ,	 ,
331	 ,oM_ks0wMDEy7oTXIoQgnevUHGkxc	 ,男	 ,	 ,
332	 ,oM_ks09jjGr7n8YovRVoxhf6Hsns	 ,男	 ,	 ,
333	 ,oM_ks03RKNFkAF9IXJWhxJ2BY9DM	 ,男	 ,	 ,
334	 ,oM_ks011wDTPOlPFfg91dtgAF6kA	 ,男	 ,	 ,
335	 ,oM_ks05m69jgGf8i-6GxVALKo25Q	 ,男	 ,	 ,
336	 ,oM_ks07C17Y0r-_hbmwbg55NbKQY	 ,男	 ,	 ,
337	 ,oM_ks0x6jgEMoY5FY80gzAfNsxws	 ,男	 ,	 ,
338	 ,oM_ks01SrY9OH-k1h6RNduPuO0rI	 ,男	 ,	 ,
339	 ,oM_ks05YEJrdP9LYSVmBM8Y86Qjo	 ,男	 ,	 ,
340	 ,oM_ks0-dkgYcftNAQ-guEWZternY	 ,女	 ,	 ,
341	 ,oM_ks00RG-YAUMGXnM2xgzywwjTg	 ,男	 ,	 ,
342	 ,oM_ks04nhtJzI0fEDI4bdXFLg4hA	 ,男	 ,	 ,
343	 ,oM_ks0-2gDDp_TRf8lojhRd5sl3w	 ,男	 ,	 ,
344	 ,oM_ks0-6IwB9JunKVibK2aDX_NUE	 ,男	 ,	 ,
345	 ,oM_ks0xycGJ3zEPoe_AsdGKElbdk	 ,男	 ,	 ,
346	 ,oM_ks0yqPdVbiJj7Kk1W7RWa5rnQ	 ,男	 ,	 ,
347	 ,oM_ks08-moF3ImwtDqQISeahMqBI	 ,男	 ,	 ,
348	 ,oM_ks02BdaPKMgLJ-24C_Oe8hrnE	 ,男	 ,	 ,
349	 ,oM_ks03DvsQgmA1o3mWU9DN7jVLA	 ,男	 ,	 ,
350	 ,oM_ks0xSMZaK6SbaS-vZh5LSG35Q	 ,男	 ,	 ,
351	 ,oM_ks00g4DxuEnHclvk8oWMiXJes	 ,男	 ,	 ,
352	 ,oM_ks06sKLGwzJ23ipveNDmbIJTw	 ,男	 ,	 ,
353	 ,oM_ks02FBJM7WNSpVwVxAZgGCeQE	 ,男	 ,	 ,
354	 ,oM_ks0xw8IscKb4oHa1x--xtgFls	 ,男	 ,	 ,
355	 ,oM_ks00qNPFbjhhNwKneOcN409lE	 ,男	 ,	 ,
356	 ,oM_ks0xjmIkuql_2Zt0nEuUju23Q	 ,男	 ,	 ,
357	 ,oM_ks0yXmY_u72r7fBVVO_BUHqqU	 ,男	 ,	 ,
358	 ,oM_ks03ol5N2schGMCezydQw817A	 ,男	 ,	 ,
359	 ,oM_ks0wSCq2xvkhUGe3ejaVziMcY	 ,男	 ,	 ,
360	 ,oM_ks065MT_wYkBapu3qjtz77q_s	 ,男	 ,	 ,
361	 ,oM_ks04BsUqiJ4FJr2B0JVM7qrhI	 ,男	 ,	 ,
362	 ,oM_ks0_jAoFjwVKWwbGqY0TbuBwk	 ,男	 ,	 ,
363	 ,oM_ks003nvYdkPBgBjE7CestwFzg	 ,男	 ,	 ,
364	 ,oM_ks07C9bVhi6Z-UH9ROH4OKgXg	 ,男	 ,	 ,
365	 ,oM_ks03RPIOwgEXPexRitJkPxg6s	 ,男	 ,	 ,
366	 ,oM_ks0xo3ZEqJRtSRpvLltzecjyk	 ,男	 ,	 ,
367	 ,oM_ks02Fb_zybxvQ-bayxsnJk1KQ	 ,男	 ,	 ,
368	 ,oM_ks09XYWjw6BYLNsUZl0A8wXCw	 ,男	 ,	 ,
369	 ,oM_ks07LpnSo2yE0LUa-nqp4rLpg	 ,男	 ,	 ,
370	 ,oM_ks0-0jmJjRKNSiriNF4NDbk1o	 ,男	 ,	 ,
371	 ,oM_ks05zS90xxynF_g9CoGTNyRo0	 ,0	 ,	 ,
372	 ,oM_ks05cSI1-izVTle425iSEkbTQ	 ,女	 ,	 ,
373	 ,oM_ks09l9lDyqqjmNjalO0yXOUk8	 ,男	 ,	 ,
374	 ,oM_ks0wRXi6tbxCVtuuEDRJJRCD4	 ,男	 ,	 ,
375	 ,oM_ks03lA-8wT8WxWZqvU1GTviNo	 ,男	 ,	 ,
376	 ,oM_ks0waFYmF6JEIloVeOstq9Rvg	 ,男	 ,	 ,
377	 ,oM_ks03SceXhiooibgHQEWpmUmDM	 ,男	 ,	 ,
378	 ,oM_ks0_kbOCOPcVCoD55-8agz23g	 ,男	 ,	 ,
379	 ,oM_ks01Nd3Ah4c4FMk61CdI8d0SY	 ,女	 ,	 ,
380	 ,oM_ks057KAWlIOuCeBi2IWFOYnxU	 ,男	 ,	 ,
381	 ,oM_ks04EpEJsU5hwCAuH2pUssi98	 ,男	 ,	 ,
382	 ,oM_ks0_BnolFpFlM6jH7U9y4cceU	 ,男	 ,	 ,
383	 ,oM_ks08gAlYedkF9n70alvNNkSj0	 ,男	 ,	 ,
384	 ,oM_ks0yLFi73TkhH6-hgwvzqB-KQ	 ,男	 ,	 ,
385	 ,oM_ks06dX-8SqwAEXwygLXig88pY	 ,0	 ,	 ,
386	 ,oM_ks00h8c_Mc8kKtOmZ6X2ZtUsg	 ,男	 ,	 ,
387	 ,oM_ks02eemhxemnOT0dhzLw1neRY	 ,男	 ,	 ,
388	 ,oM_ks00aH9uc8mdkMU6Ks74p47QM	 ,男	 ,	 ,
389	 ,oM_ks00WjUwf9AQzS8tDf10iikPA	 ,男	 ,	 ,
390	 ,oM_ks0xkTJ2ByTpOnwATs75dZVYM	 ,男	 ,	 ,
391	 ,oM_ks02Mi3N7YtRwCr3t7HwZ-N8U	 ,男	 ,	 ,
392	 ,oM_ks073IVSnj5Dxn_KrcFxummsY	 ,男	 ,	 ,
393	 ,oM_ks0-miS97fTsx5Jvcx_fm4D1Q	 ,男	 ,	 ,
394	 ,oM_ks08XveCMkLzJMt-JODS40qAQ	 ,男	 ,	 ,
395	 ,oM_ks06hPsAkLfJFVTicKVmuxo0M	 ,男	 ,	 ,
396	 ,oM_ks0_uk75DKrxTfjJCOO3mGqz4	 ,男	 ,	 ,
397	 ,oM_ks0xPAquk82UFZ5xB0_NLvNc4	 ,男	 ,	 ,
398	 ,oM_ks05wcPHj3w6ZZ1ufWz2vdVZE	 ,女	 ,	 ,
399	 ,oM_ks02eAOFRull1ic9oadSlKkVM	 ,男	 ,	 ,
400	 ,oM_ks03ZemuiYG1ne97YUnwaZf8I	 ,男	 ,	 ,
401	 ,oM_ks0x2v8VXmDCP_By5hw_oW6cc	 ,男	 ,	 ,
402	 ,oM_ks089AgZO5QkiAiA2mfdtU5qA	 ,男	 ,	 ,
403	 ,oM_ks08goRLS-2uV8lnkgvtJVaC0	 ,男	 ,	 ,
404	 ,oM_ks05ydOl1GW4NCM30vrHJTgf0	 ,男	 ,	 ,
405	 ,oM_ks07rhDZL7JpdZqQSG4ZK8rzQ	 ,男	 ,	 ,
406	 ,oM_ks0xh9DlUEesx6FPkzzT0e2Q8	 ,男	 ,	 ,
407	 ,oM_ks01fNOX9jV9bMFISLkhMiqPs	 ,男	 ,	 ,
408	 ,oM_ks01feq-fbrQtA7ue3ZAYYql0	 ,男	 ,	 ,
409	 ,oM_ks0wACly5bEg8GuQ7e1Qsb6CE	 ,男	 ,	 ,
410	 ,oM_ks08M0iq-MlofGx5d_1OxSCGM	 ,男	 ,	 ,
411	 ,oM_ks0xQ3b3q8nxU7ItM-zJDRN88	 ,男	 ,	 ,
412	 ,oM_ks0674EIZU1bzltk4-6qMzALI	 ,男	 ,	 ,
413	 ,oM_ks0-xm8no-n6IKlySJRsuUTIc	 ,0	 ,	 ,
414	 ,oM_ks0-3eWg34G7XtXILrJ6wjM3k	 ,男	 ,	 ,
415	 ,oM_ks00P7nE_-hzLPpryjrsbAWgM	 ,男	 ,	 ,
416	 ,oM_ks0_Np9yKjJ4xE54F6uInirXg	 ,男	 ,	 ,
417	 ,oM_ks0yq4WusY2QiVdNuJtY7u3HI	 ,男	 ,	 ,
418	 ,oM_ks054jjjRNko3znMuGvtB2wxw	 ,男	 ,	 ,
419	 ,oM_ks07EzAWjOMrxUYEsd7-xL6Ds	 ,男	 ,	 ,
420	 ,oM_ks04mRw536zZaSz-wLkJBh7DE	 ,男	 ,	 ,
421	 ,oM_ks01IBVbt3AMtqGJQAfwfbaVE	 ,男	 ,	 ,
422	 ,oM_ks09LYjL6ke2niwEs16WGa7d8	 ,男	 ,	 ,
423	 ,oM_ks0ysHAdx2AJvQwQ086ko4mNE	 ,男	 ,	 ,
424	 ,oM_ks04dK11JOBOCYFRkFPVBG5Oo	 ,女	 ,	 ,
425	 ,oM_ks092IgjQlRIu9vOwr_5IpDHM	 ,男	 ,	 ,
426	 ,oM_ks0xEco_N4SyZ-NkFJZ_7E7Ow	 ,男	 ,	 ,
427	 ,oM_ks06QxlvHzOcteHD9S3wc8ELM	 ,男	 ,	 ,
428	 ,oM_ks0yjJvhkNj_CzEp8RCpBo_AY	 ,男	 ,	 ,
429	 ,oM_ks0_d19tfEsb8mik7wNHBRMeg	 ,男	 ,	 ,
430	 ,oM_ks0150GkwPcym686A-gh1iWAs	 ,男	 ,	 ,
431	 ,oM_ks09s6qXY4_0DeF0wSrv6IxPg	 ,男	 ,	 ,
432	 ,oM_ks07-YA18p31yVvtA-Oyg0_xU	 ,男	 ,	 ,
433	 ,oM_ks05mKaoHNCZ0H6FNUISQsxfs	 ,男	 ,	 ,
434	 ,oM_ks0yHn5z4o6LYMREpDqM_G-Jg	 ,男	 ,	 ,
435	 ,oM_ks05U9RFYVf2_vXhCQ0pKKXIQ	 ,男	 ,	 ,
436	 ,oM_ks0_iYGyPjiS38RQhFmjdSCJQ	 ,男	 ,	 ,
437	 ,oM_ks0_DQ64v_p3zFdcOt6vMKEmQ	 ,男	 ,	 ,
438	 ,oM_ks06LLREh2kM4Nqt-HydeaLxA	 ,男	 ,	 ,
439	 ,oM_ks09G6kJ08RXyZHsIg1IO_rLY	 ,男	 ,	 ,
440	 ,oM_ks09lY5JzdpQ6qhtX3kehBgnE	 ,男	 ,	 ,
441	 ,oM_ks02ETsMawIAkSX7CEYOwtEIY	 ,男	 ,	 ,
442	 ,oM_ks0--k6OaSxMKpCfpYfQAOJpc	 ,男	 ,	 ,
443	 ,oM_ks09HVE7YEwSZ4J-JPL_wBCKE	 ,男	 ,	 ,
444	 ,oM_ks08pEjWBrtx_JiTEgtQewSfA	 ,男	 ,	 ,
445	 ,oM_ks0_LqKLXf9KWtdnfH-QQedKo	 ,女	 ,	 ,
446	 ,oM_ks0-iAm4DLbeW0uj3rlsQFoSs	 ,男	 ,	 ,
447	 ,oM_ks06biMzKeSP7GBWyVZWsWwhU	 ,男	 ,	 ,
448	 ,oM_ks08L9hdyIcN0CMV9YheN9tVU	 ,0	 ,	 ,
449	 ,oM_ks009jVvWVicT2yk5_-ZKkDjc	 ,男	 ,	 ,
450	 ,oM_ks08U2qnCRXHinzGtvk6YjEM0	 ,男	 ,	 ,
451	 ,oM_ks06NJ5PFxqMtHjTJgQJWnDH4	 ,男	 ,	 ,
452	 ,oM_ks0zu1Evqu1dQo4enm5qmBEx8	 ,男	 ,	 ,
453	 ,oM_ks07qtsyhdZSHvABmrh_xxZBY	 ,男	 ,	 ,
454	 ,oM_ks0_-4q4i4RRXPz-THqPxGNow	 ,0	 ,	 ,
455	 ,oM_ks0-YOb71lJXGJkuOoyS5aJrc	 ,男	 ,	 ,
456	 ,oM_ks0ywIrCItJxfCCU1nBGF1WHo	 ,男	 ,	 ,
457	 ,oM_ks0xvq2pdIpLxxIw-lRKn5Zy0	 ,男	 ,	 ,
458	 ,oM_ks0-mWYGhYbdzrjKi4KyZEFM0	 ,男	 ,	 ,
459	 ,oM_ks03_z7RTAez21YvEZFcyyuV8	 ,男	 ,	 ,
460	 ,oM_ks0_yAiJU0wuj85VKDuK8aGdg	 ,男	 ,	 ,
461	 ,oM_ks04UWki2zlpvWo1XvCxIEObo	 ,男	 ,	 ,
462	 ,oM_ks07_v3dIFhh4Sho2k3CDf0fk	 ,男	 ,	 ,
463	 ,oM_ks0wm7qeHQK5IBpod7iYBoJKk	 ,男	 ,	 ,
464	 ,oM_ks06Vj0PFN-m0RqmheCXGHr-4	 ,0	 ,	 ,
465	 ,oM_ks078tti4Ot-9uXkmRXgX0dQ4	 ,女	 ,	 ,
466	 ,oM_ks00kuGII__Qy9Z_dpMhQDMbw	 ,男	 ,	 ,
467	 ,oM_ks02UK8HgQPAv95z3D_oBPWV4	 ,男	 ,	 ,
468	 ,oM_ks02xewADQyFVEcwRhLvaEb-U	 ,男	 ,	 ,
469	 ,oM_ks0xs4saIn4G4uWWbJxEl-IF4	 ,男	 ,	 ,
470	 ,oM_ks0xp5OxW1ThhAuuRu_MtVLFQ	 ,男	 ,	 ,
471	 ,oM_ks05B5N8wsd-oTzpS6avJWcRc	 ,男	 ,	 ,
472	 ,oM_ks06UVZ9i_F1JzlH_IfDu0bpo	 ,男	 ,	 ,
473	 ,oM_ks0ykU5Xf_M_uqUdqYO5qphLw	 ,男	 ,	 ,
474	 ,oM_ks00vxTfumJf8XCKPEHRDR36s	 ,男	 ,	 ,
475	 ,oM_ks08wvb3S2zKLZjaRyFLcr2Wk	 ,男	 ,	 ,
476	 ,oM_ks05Q0nsDRY5UGqYUT_yuG_GI	 ,男	 ,	 ,
477	 ,oM_ks0xwK3mS6hOoFy3P0t5RBTUI	 ,男	 ,	 ,
478	 ,oM_ks03kktRzlO9MXYEqJBE852qA	 ,男	 ,	 ,
479	 ,oM_ks0zBYg3CuwdQvdVdjJPZotc4	 ,男	 ,	 ,
480	 ,oM_ks0y2_lps_ruye4Tz9fYfDsnI	 ,男	 ,	 ,
481	 ,oM_ks0z5X9AI6WKTTGCB7xM80MZo	 ,男	 ,	 ,
482	 ,oM_ks0--PLeQrcalF9HZr9lUcpLk	 ,男	 ,	 ,
483	 ,oM_ks01Z9dNd0xGH8NnPh1WFf8B4	 ,男	 ,	 ,
484	 ,oM_ks0wyWiZMDR21PESrwERxmIQQ	 ,男	 ,	 ,
485	 ,oM_ks0y5JBWQHI4z7Tyj5XMrln5M	 ,男	 ,	 ,
486	 ,oM_ks06pXelqVqmAHSPBOgwpqsOE	 ,女	 ,	 ,
487	 ,oM_ks0yQprkjXIsss8nvqg5msvu0	 ,男	 ,	 ,
488	 ,oM_ks00qUr39QDn5hqwnICsVZ8EE	 ,男	 ,	 ,
489	 ,oM_ks0_PiNrhZ4ulfsHpsp2sJgy8	 ,男	 ,	 ,
490	 ,oM_ks06jTiG8TthYb-dUNh2Bcisw	 ,男	 ,	 ,
491	 ,oM_ks044NK3LFEMPO6SuiWmK-fOU	 ,男	 ,	 ,
492	 ,oM_ks03ENRzV_W25xq43NSlYwh44	 ,男	 ,	 ,
493	 ,oM_ks08TYVQCZon6Pbbxb32fiuNY	 ,男	 ,	 ,
494	 ,oM_ks04yHW4gzlAo1zm4LdS9S_R8	 ,男	 ,	 ,
495	 ,oM_ks0x8pNJA406aQ5uTbRzKghnw	 ,男	 ,	 ,
496	 ,oM_ks02WOqBZlZwoeA2BoMbggH3E	 ,男	 ,	 ,
497	 ,oM_ks06WKAQqXdArL1YD3BkennY4	 ,男	 ,	 ,
498	 ,oM_ks0_3BE6uE-RC9GqbAe2yKHbE	 ,男	 ,	 ,
499	 ,oM_ks0zmYDOJJN64pBsR10KQg38E	 ,男	 ,	 ,
500	 ,oM_ks01r7S2O8wuGB78Eb2nQmkao	 ,男	 ,	 ,
501	 ,oM_ks0-As--Rd-1_PTB26eNWL3XU	 ,男	 ,	 ,
502	 ,oM_ks02ceMzLAzBY05uRwMegS224	 ,男	 ,	 ,
503	 ,oM_ks0258MTDsctSavjze4rnd0aQ	 ,男	 ,	 ,
504	 ,oM_ks057scohdc15jLYd9s5dwAIM	 ,男	 ,	 ,
505	 ,oM_ks0zG7OnXTZ_-OTgTHndFs3Ns	 ,男	 ,	 ,
506	 ,oM_ks0414VcQesf8WH8IL5btigkE	 ,男	 ,	 ,
507	 ,oM_ks05sU517-HrQvHQkieYdOzKE	 ,男	 ,	 ,
508	 ,oM_ks05RshA_xc1PinmP706wuggk	 ,男	 ,	 ,
509	 ,oM_ks0ypOvyEL0WJH5KZvR3kuaSU	 ,男	 ,	 ,
510	 ,oM_ks0_QrvCkqDr6vBnxY7SdXqks	 ,男	 ,	 ,
511	 ,oM_ks068sNS2i8OFd84p7U9AhuK4	 ,男	 ,	 ,
512	 ,oM_ks05k172cK4_9jTAxtthDC9u8	 ,男	 ,	 ,
513	 ,oM_ks0yZKlTqAKH4YXFgpPNsR1Sw	 ,女	 ,	 ,
514	 ,oM_ks0_Kwkik4LamQq4_Nlf4VLsw	 ,男	 ,	 ,
515	 ,oM_ks004zpWYqctL6a_xtuze-zgY	 ,男	 ,	 ,
516	 ,oM_ks0zxaUR3fAtmB9lkoTIXxdYg	 ,男	 ,	 ,
517	 ,oM_ks02ZHhVVjABfZouS8dsJJ-Q4	 ,男	 ,	 ,
518	 ,oM_ks0zaSzyUBc8hpp5yfQ-O_Yn8	 ,男	 ,	 ,
519	 ,oM_ks0_DhFgPVuKbTKXXMk7AP2wQ	 ,男	 ,	 ,
520	 ,oM_ks0ypRs-iWBtHzNfGBI39cPjE	 ,男	 ,	 ,
521	 ,oM_ks04oc-PcbQCFHAgaCpD-CoT4	 ,男	 ,	 ,
522	 ,oM_ks0xnM1hOz4E7ShH_I4hXqk-c	 ,男	 ,	 ,
523	 ,oM_ks00Z8SF306fotjCkREERz3ss	 ,男	 ,	 ,
524	 ,oM_ks00Ikmd_7iwYpBwMBw8a8ZWg	 ,男	 ,	 ,
525	 ,oM_ks0_B15_4jnSUcaO3UuIJO5rc	 ,男	 ,	 ,
526	 ,oM_ks0zmkGAirZX1AicHJEuCPZBw	 ,0	 ,	 ,
527	 ,oM_ks0xW7FrlKf1_nrruXSr-7tbM	 ,男	 ,	 ,
528	 ,oM_ks0zihsDOFXi8UjpEi6eRowDA	 ,男	 ,	 ,
529	 ,oM_ks09f70T3ouEqho8pRxU3GVp4	 ,男	 ,	 ,
530	 ,oM_ks04l8uB0F5OJgJg43NyKfG78	 ,男	 ,	 ,
531	 ,oM_ks02tJX8BJH6X08z6XbSgmn7c	 ,男	 ,	 ,
532	 ,oM_ks0_6xkmrCx8rJAVYrkeZ_aKo	 ,男	 ,	 ,
533	 ,oM_ks0wT1k8gWVZ8XzfVk40AXYmA	 ,男	 ,	 ,
534	 ,oM_ks012DMRe_0OIMq-RDnVFkjpU	 ,男	 ,	 ,
535	 ,oM_ks0-A8d9wAYEtES5DGvFLdLVo	 ,男	 ,	 ,
536	 ,oM_ks0wq_B7A2f-C8UASQaH9hYCg	 ,男	 ,	 ,
537	 ,oM_ks0wW9xRbRd05pcAfq6M5SUiM	 ,男	 ,	 ,
538	 ,oM_ks0ynNxb0PP2XOycJrttWJJm4	 ,男	 ,	 ,
539	 ,oM_ks025hHyf-Tae3fSwii0Q6lzM	 ,男	 ,	 ,
540	 ,oM_ks05laxSHUWENSPI2dWV2yuQ4	 ,男	 ,	 ,
541	 ,oM_ks0xut2qQ6VS0j-gsI2urrCOw	 ,男	 ,	 ,
542	 ,oM_ks0wiqtvt9OJIXCa-PuLMXrbA	 ,男	 ,	 ,
543	 ,oM_ks0xYugWv75WjAQkTJ2HooFzg	 ,男	 ,	 ,
544	 ,oM_ks0-iV1WIReDxMbYQ1l9kHuNI	 ,男	 ,	 ,
545	 ,oM_ks01RvTfk6vxl85K5XNkb18KM	 ,男	 ,	 ,
546	 ,oM_ks0_phS6D_DYqWOlVNb4Lkdek	 ,男	 ,	 ,
547	 ,oM_ks04khm5TrUe-ayS3GlzYARgI	 ,男	 ,	 ,
548	 ,oM_ks087hZTFOlzNPPC7OpEfDT6o	 ,男	 ,	 ,
549	 ,oM_ks01zDFm5SxbD5KL6Lg9FNARQ	 ,男	 ,	 ,
550	 ,oM_ks05f5ig3EfqxDRHZZoZV1_9c	 ,男	 ,	 ,
551	 ,oM_ks08PRTxJvsj4QQ1FjuoNJ3qE	 ,男	 ,	 ,
552	 ,oM_ks0zAVbvjkbOARVlsDyAT14kY	 ,男	 ,	 ,
553	 ,oM_ks0yHrbJ2RQEBTVQdA6G8ZOA4	 ,男	 ,	 ,
554	 ,oM_ks0-bXJu-CovSToGxAK-8lmLM	 ,男	 ,	 ,
555	 ,oM_ks00ZCsHhTOwnSGRtJM3NUk_A	 ,男	 ,	 ,
556	 ,oM_ks02Sb8dgboD_UzBjLLRUlEOo	 ,男	 ,	 ,
557	 ,oM_ks04JhJLUbsggLdwhssnOUw6k	 ,男	 ,	 ,
558	 ,oM_ks0zlS1gruiZIu_fko5gRGS34	 ,男	 ,	 ,
559	 ,oM_ks02Pv7Gfu-3V3O1Yus9uiWFU	 ,女	 ,	 ,
560	 ,oM_ks03t1iFyOFaoixA7_rozNolE	 ,女	 ,	 ,
561	 ,oM_ks023slCGq_qIm3Y7rSWxe22I	 ,男	 ,	 ,
562	 ,oM_ks01pW3zyVQB_xbdWaeI9C2rs	 ,男	 ,	 ,
563	 ,oM_ks042fnARu9je57FLf16TvkUE	 ,男	 ,	 ,
564	 ,oM_ks05ClIfxSipPc5b8NLW1qto8	 ,男	 ,	 ,
565	 ,oM_ks021r1yvIjt7JqyiF13Wkha0	 ,男	 ,	 ,
566	 ,oM_ks0288cT7L43rab0y6rKovHlI	 ,男	 ,	 ,
567	 ,oM_ks0-T0QQLEWnhhzTIH8eRYjT4	 ,女	 ,	 ,
568	 ,oM_ks07T255NIoM4AlNYDHd8a90I	 ,男	 ,	 ,
569	 ,oM_ks0yDed1c77GPJko3QLMqtofc	 ,男	 ,	 ,
570	 ,oM_ks05xVsGRyAWWMGcCmMxSwLng	 ,男	 ,	 ,
571	 ,oM_ks03kIfaaewAHnjkx7nvcETqE	 ,男	 ,	 ,
572	 ,oM_ks01MZHU7kLfn9WTFqCn9KS1I	 ,男	 ,	 ,
573	 ,oM_ks07H1e5BHqiX1RaPYEEwDPXc	 ,男	 ,	 ,
574	 ,oM_ks07i4vcQFRkFJe-k9X3PCFhg	 ,0	 ,	 ,
575	 ,oM_ks07j7mQw2EcwBSCfiQF1hiH4	 ,男	 ,	 ,
576	 ,oM_ks021IMDqQhPVMyW9ARyROUdg	 ,男	 ,	 ,
577	 ,oM_ks06syEhyd13OTalk4hoBhb84	 ,男	 ,	 ,
578	 ,oM_ks07hSAeHcSEONzZpMXzAe35c	 ,男	 ,	 ,
579	 ,oM_ks0yV9i6l22iQ_p7bu1FHzL44	 ,男	 ,	 ,
580	 ,oM_ks07vLvk01Yxe68xWXjlqOJ5k	 ,男	 ,	 ,
581	 ,oM_ks0xNMP_Dxab5sZgfe12_EFbQ	 ,男	 ,	 ,
582	 ,oM_ks00c6urMvwXz5WZpnOsMcjes	 ,男	 ,	 ,
583	 ,oM_ks02NE0RYO3VsvKg_xQYxnX08	 ,男	 ,	 ,
584	 ,oM_ks06haZ7D3COz96nCGsorT_bM	 ,男	 ,	 ,
585	 ,oM_ks071HjoP-EdcI3YEgknKJkO4	 ,男	 ,	 ,
586	 ,oM_ks0zimoHyj72uDFsaK4lhsQ7s	 ,0	 ,	 ,
587	 ,oM_ks09c0Pw742L1L_O2A2oatncs	 ,男	 ,	 ,
588	 ,oM_ks09PSu1wV79jj9SfdSS1HjPs	 ,男	 ,	 ,
589	 ,oM_ks03v355sy4wvr9fH5APNp2Kg	 ,男	 ,	 ,
590	 ,oM_ks02TfSYOxdazyFFF2lzSk7fo	 ,男	 ,	 ,
591	 ,oM_ks0_r_iGUg0zeeKp05P7xUweM	 ,男	 ,	 ,
592	 ,oM_ks00fF8jTu5iAVuU-JzzzRKg0	 ,男	 ,	 ,
593	 ,oM_ks08HXrNfyElwRq6xh5efTaNU	 ,男	 ,	 ,
594	 ,oM_ks08stdfPNIimtsvNlxjnuYQ8	 ,男	 ,	 ,
595	 ,oM_ks07v79LPHmG_jw60-CIHoGGo	 ,男	 ,	 ,
596	 ,oM_ks02Qlaju8c9RliNY1DJ0l1j4	 ,男	 ,	 ,
597	 ,oM_ks0zW3sSobyfMUz5YqMAYbTGU	 ,男	 ,	 ,
598	 ,oM_ks0zQTsaRYix5MiNTOgC2bicM	 ,男	 ,	 ,
599	 ,oM_ks06I8dFjSyzHoEZZnS0QFDOo	 ,男	 ,	 ,
600	 ,oM_ks0115i9R0spx1aqj6kaKZORs	 ,男	 ,	 ,
601	 ,oM_ks0zoRMRxE7kqcjzo3ollKla8	 ,0	 ,	 ,
602	 ,oM_ks0w0GbF-gjQGAy9etTMtRH-g	 ,男	 ,	 ,
603	 ,oM_ks0-yupZAn0b8uIIvJUkmLV8c	 ,男	 ,	 ,
604	 ,oM_ks02FlboAsUVkaxDc7qKbadnY	 ,男	 ,	 ,
605	 ,oM_ks01SRDy_7iV5lhYmpcpc420g	 ,男	 ,	 ,
606	 ,oM_ks07JS1Hp2uddVEWh35daKxok	 ,女	 ,	 ,
607	 ,oM_ks0_vM3HgLHhzwHF3-RyMlciY	 ,男	 ,	 ,
608	 ,oM_ks0770_2oPa0FULTowESrB0As	 ,男	 ,	 ,
609	 ,oM_ks08PXPkQC-6eirYyG0RQT_iU	 ,男	 ,	 ,
610	 ,oM_ks02sZ6Gm24KGYfphGmjVDyMw	 ,男	 ,	 ,
611	 ,oM_ks07wDb-hu8-dUwXXgqbrhuJg	 ,0	 ,	 ,
612	 ,oM_ks0yVrAV_IaYgKKodI4ZIKSa4	 ,男	 ,	 ,
613	 ,oM_ks01Is3eOD4COjzVLPAdSr8wg	 ,男	 ,	 ,
614	 ,oM_ks0xXmwUXcLHvu_36obFTwSrQ	 ,男	 ,	 ,
615	 ,oM_ks0zILHX6rgkMN6MSXaXExQeM	 ,男	 ,	 ,
616	 ,oM_ks0y8rxOm4czg1pvCDq-xXTRo	 ,男	 ,	 ,
617	 ,oM_ks0-kCk7qQ9raKB9AMAPrZyAs	 ,男	 ,	 ,
618	 ,oM_ks06nOSXo5g5TCkwEFkwWA3cs	 ,男	 ,	 ,
619	 ,oM_ks03qhKEg0gVW32b7GJTUqlN4	 ,男	 ,	 ,
620	 ,oM_ks01f_dxGkX8czcahkhT4K6Kw	 ,男	 ,	 ,
621	 ,oM_ks0_T8OAZAjd-XzzYEnBkzXL4	 ,男	 ,	 ,
622	 ,oM_ks04jPNTx2_Rk9wt0q0zMoIlw	 ,男	 ,	 ,
623	 ,oM_ks09_YMZY95zsncUr-zphAeg0	 ,男	 ,	 ,
624	 ,oM_ks07dx4740_LrSG0DXoZ2HXp8	 ,男	 ,	 ,
625	 ,oM_ks00FLDTCR9IsARRmAh71VtfM	 ,男	 ,	 ,
626	 ,oM_ks05WOv8z0so6_1WOgH0oOEXc	 ,男	 ,	 ,
627	 ,oM_ks0-u8rgpL1eQ9NJOQreZsRpI	 ,男	 ,	 ,
628	 ,oM_ks0wWDJHUt76KlHMQ55XeudCg	 ,男	 ,	 ,
629	 ,oM_ks0_cnUzVU7E6dqbaK1AhQl84	 ,男	 ,	 ,
630	 ,oM_ks02mF89bi_BEHLtiHfHjsP1M	 ,男	 ,	 ,
631	 ,oM_ks05TXacvDAZJ6WjGcm8meW-Q	 ,男	 ,	 ,
632	 ,oM_ks0ztAdeNvNwt405NhDxt4POI	 ,男	 ,	 ,
633	 ,oM_ks06s3tcaoi5nbIMnHkYfL-wA	 ,男	 ,	 ,
634	 ,oM_ks01SQTg9nmXom8iIr8euYy8A	 ,男	 ,	 ,
635	 ,oM_ks01zEI29kYM1BUHSPfXpDiVw	 ,女	 ,	 ,
636	 ,oM_ks039T0p8Ekf7Rn-ErxN5VpGs	 ,男	 ,	 ,
637	 ,oM_ks0x4I2Y9AkL-sVEoMH8oXw7A	 ,男	 ,	 ,
638	 ,oM_ks03kLpPYR30RbsaejGx6x4Ek	 ,男	 ,	 ,
639	 ,oM_ks059ejZDSSG0aRuenV1KHrbk	 ,男	 ,	 ,
640	 ,oM_ks0-33ggfjOQ1ENMVuezfgUAs	 ,女	 ,	 ,
641	 ,oM_ks042RNFgFc53gWA3hI1OEbc0	 ,男	 ,	 ,
642	 ,oM_ks0wDNIpmjuEjyuu4697sBDS4	 ,男	 ,	 ,
643	 ,oM_ks0yAPVkUZIgyjr3Z2DMh9jvE	 ,男	 ,	 ,
644	 ,oM_ks0xxLBqCLhGTaCI-b9R6ItuQ	 ,男	 ,	 ,
645	 ,oM_ks0zOYeakwwLbCurkXJcCPhRw	 ,男	 ,	 ,
646	 ,oM_ks04mB4WsG6tRLN7R5EqfEtBk	 ,男	 ,	 ,
647	 ,oM_ks0z6FqF273UukjIZJZWY5PkI	 ,男	 ,	 ,
648	 ,oM_ks0wM1zQeM8ojpYYfaFG6RmiQ	 ,男	 ,	 ,
649	 ,oM_ks04bG5H4XBwQyn_XkeE3N6wY	 ,男	 ,	 ,
650	 ,oM_ks09h7iI_1M8YXIZ47K8YL6P0	 ,男	 ,	 ,
651	 ,oM_ks0zUfEeRQY5QFI541N9eJzmo	 ,男	 ,	 ,
652	 ,oM_ks0xGkTi_0IfnzRZQx9ZjPLRk	 ,男	 ,	 ,
653	 ,oM_ks0_jlIXGTOgWYBXih_R9XmAc	 ,男	 ,	 ,
654	 ,oM_ks06ofr04QUw-BI9T4MdU-Ics	 ,男	 ,	 ,
655	 ,oM_ks06ck0TD6GydwcW6e3Q82KIk	 ,男	 ,	 ,
656	 ,oM_ks07YydCVOCOnejsi6LBLSJE4	 ,女	 ,	 ,
657	 ,oM_ks06l4mGvlOxxImObgkFJppKY	 ,0	 ,	 ,
658	 ,oM_ks0-4BgPzO59jl3owjpsRc_Xs	 ,男	 ,	 ,
659	 ,oM_ks05kZ4p19Wl99TPhN4r969HE	 ,男	 ,	 ,
660	 ,oM_ks0wfR5V6THGrdu7AErKjnw0c	 ,男	 ,	 ,
661	 ,oM_ks05iTZVagIIDz5m0971Havdk	 ,女	 ,	 ,
662	 ,oM_ks0w3-Ba7Kwlunk3G2BFuWKYM	 ,男	 ,	 ,
663	 ,oM_ks0zyCnnpvDHf_mAx-tAxpMeE	 ,男	 ,	 ,
664	 ,oM_ks04548LyvR3D8zrL9Ydw9Iss	 ,男	 ,	 ,
665	 ,oM_ks0y78--iSiNajF0eQ4dvH7Io	 ,男	 ,	 ,
666	 ,oM_ks0x91plne5aUD89n90ImBFhs	 ,男	 ,	 ,
667	 ,oM_ks0yERz-Ce7Ig6TeeK8_oqy5c	 ,男	 ,	 ,
668	 ,oM_ks0-D4Y8AZQ_mLs7e7BBTkfL4	 ,男	 ,	 ,
669	 ,oM_ks0w-Sa9QZpiEObCQNcQZJRtI	 ,男	 ,	 ,
670	 ,oM_ks01xvNajPymEzb5XL3PFSv6w	 ,男	 ,	 ,
671	 ,oM_ks07jgV28VNd-6CTHv2RWPs8U	 ,女	 ,	 ,
672	 ,oM_ks0x6sHnWg5tZ_oA1L3xoCD50	 ,0	 ,	 ,
673	 ,oM_ks08Zb8iWcg-usXYSidKlkz4Q	 ,男	 ,	 ,
674	 ,oM_ks05Qyk2zdkaraPUIc9bQE_d4	 ,男	 ,	 ,
675	 ,oM_ks0-8uWNBLQMCns2DIoMo-JqY	 ,男	 ,	 ,
676	 ,oM_ks05d33SNxkAzlGXBQepXV6OU	 ,男	 ,	 ,
677	 ,oM_ks0xzHnw5Pkd96D4f71yWY-10	 ,男	 ,	 ,
678	 ,oM_ks0ypqHw1J2K03TZ4-oH6ieLs	 ,男	 ,	 ,
679	 ,oM_ks0z6olXagAAmD6rhIQ4QY-Es	 ,男	 ,	 ,
680	 ,oM_ks0x4Ylyk_hEdPKJxqPb0PgAU	 ,男	 ,	 ,
681	 ,oM_ks09xiAnazafRjigQIs34J1-Y	 ,男	 ,	 ,
682	 ,oM_ks0wv3Qy2CCX8g06mraVh1Ji4	 ,男	 ,	 ,
683	 ,oM_ks0_Fac45V9K3rgVTmbDpHau0	 ,男	 ,	 ,
684	 ,oM_ks09nS6QrH2r54ZkYAQmwaTB0	 ,男	 ,	 ,
685	 ,oM_ks08cYn30wXfwu65PbgL7BW-8	 ,男	 ,	 ,
686	 ,oM_ks0x18cCoq5QzR2pkB5zbv6GM	 ,女	 ,	 ,
687	 ,oM_ks0_v0RWTImLRZNyGRb97kP6Q	 ,男	 ,	 ,
688	 ,oM_ks08QC9-9XCZJ2y5N8dPcGpgA	 ,男	 ,	 ,
689	 ,oM_ks0woKwsdWmC9pCRXiviLpV-s	 ,男	 ,	 ,
690	 ,oM_ks0wbab2bPs6KyjIMOuCn7H0w	 ,男	 ,	 ,
691	 ,oM_ks065eZzf41hlqSFxlemB7cfs	 ,男	 ,	 ,
692	 ,oM_ks02Ok_HoHIkur5Ustd-jiSFw	 ,男	 ,	 ,
693	 ,oM_ks0_pZ87qLVZYktdo79_2d8VI	 ,男	 ,	 ,
694	 ,oM_ks0_R5KsCWF7NQWecOFyEexmk	 ,男	 ,	 ,
695	 ,oM_ks0xITYbGTFQFdB180vOUR1zc	 ,男	 ,	 ,
696	 ,oM_ks0-UTIqHfIebrMbR24qMtQcw	 ,男	 ,	 ,
697	 ,oM_ks07GwIYt1eL9Shvgp4E1z4TE	 ,0	 ,	 ,
698	 ,oM_ks0-uLu3eAKbQmhkDdb7Dvt8E	 ,男	 ,	 ,
699	 ,oM_ks0w-8ib37mHRzVulJvq77gq0	 ,女	 ,	 ,
700	 ,oM_ks0xA95wjjXFEln6X3LQtPMSA	 ,0	 ,	 ,
701	 ,oM_ks043XVUaAYGsK2WeKFxnPTF4	 ,男	 ,	 ,
702	 ,oM_ks0wucbso4aySd3QjZBKaZqcE	 ,男	 ,	 ,
703	 ,oM_ks01PHiWqnLtBNFQf-CgFUxog	 ,男	 ,	 ,
704	 ,oM_ks088RbCI6tIkiPr7FA9OK8Mw	 ,男	 ,	 ,
705	 ,oM_ks0xDk_eartqCMRLiyA5A2BoI	 ,男	 ,	 ,
706	 ,oM_ks01AuOkcvCVR0ZRPcRtvHExE	 ,男	 ,	 ,
707	 ,oM_ks0xIY9QyPKNmwMa3ApI6ZO0o	 ,男	 ,	 ,
708	 ,oM_ks05esFBIbSFyj3ncKyyEQxdk	 ,男	 ,	 ,
709	 ,oM_ks0-J3noHjnBWOPVlOOC1WKzY	 ,男	 ,	 ,
710	 ,oM_ks08U3WP2omJ8fVrWIYQzqCPs	 ,0	 ,	 ,
711	 ,oM_ks00Fd1U00z4w6lm0rPMjfatI	 ,男	 ,	 ,
712	 ,oM_ks0_YmhTYckv5BHtAazEV0TJM	 ,男	 ,	 ,
713	 ,oM_ks0w7rMZ_yS4-MSmvVSJZsyf8	 ,0	 ,	 ,
714	 ,oM_ks0xic1NRPok5AA7Hus0X2K2g	 ,男	 ,	 ,
715	 ,oM_ks0_3700r6lK82jYIvkrSPuSs	 ,男	 ,	 ,
716	 ,oM_ks0yYtJWE8FxRn7XZCxTt-q0I	 ,男	 ,	 ,
717	 ,oM_ks03lMQw13vUXOuvZXRX1rL6c	 ,女	 ,	 ,
718	 ,oM_ks09umCH6QdfqYnFzsrE9UxTU	 ,男	 ,	 ,
719	 ,oM_ks0zvGc5BSds1XYNgvgaovM60	 ,男	 ,	 ,
720	 ,oM_ks03YIStwmwlW_rErIjwgUaTE	 ,男	 ,	 ,
721	 ,oM_ks0x12vhmBK9-yDTc3qBrzNn0	 ,男	 ,	 ,
722	 ,oM_ks01XFUG5QfXjNlD2uj97XClc	 ,男	 ,	 ,
723	 ,oM_ks08bmlCq03HLcHczh41ZNJIU	 ,男	 ,	 ,
724	 ,oM_ks07hxORCSTAHH98yryYnMNAc	 ,男	 ,	 ,
725	 ,oM_ks022uMwa2LdIUlXEjcKrmSWM	 ,女	 ,	 ,
726	 ,oM_ks0zjejw1r5BKFHe6V3zxu5Ek	 ,男	 ,	 ,
727	 ,oM_ks08Ot8OkmzWgkxYKWXfMdby8	 ,男	 ,	 ,
728	 ,oM_ks051OaqycuC665C8axTZ8S8A	 ,男	 ,	 ,
729	 ,oM_ks061iQ-vyP35a1wV47Rhj-cg	 ,男	 ,	 ,
730	 ,oM_ks01rxu_EQLix30ZgN9JrfLgA	 ,男	 ,	 ,
731	 ,oM_ks03TbGm4ZyigJHgAvpIc6iHA	 ,男	 ,	 ,
732	 ,oM_ks06sCNMfrcLlK6gT7xjD5_Z8	 ,男	 ,	 ,
733	 ,oM_ks06NYOtm3J0-qbCE-RUoee7A	 ,男	 ,	 ,
734	 ,oM_ks05yN2V1AFItBvDPxRUlSZTo	 ,男	 ,	 ,
735	 ,oM_ks02F-eSCPeQn-Ss9nvFdhnYE	 ,男	 ,	 ,
736	 ,oM_ks0yj6hYfnbI7QK65WnUXHIRk	 ,男	 ,	 ,
737	 ,oM_ks02nCpzzaa7BKMPJuDcKZGhY	 ,男	 ,	 ,
738	 ,oM_ks01mofJDRIam4z8-eEkGg2QU	 ,男	 ,	 ,
739	 ,oM_ks00JmEhAPxcp254-UxL_2iZk	 ,男	 ,	 ,
740	 ,oM_ks06JwwxMNJk_mPiwV4HqHOzQ	 ,男	 ,	 ,
741	 ,oM_ks0w3BNCkFLvzMMuQY_yn7CVI	 ,男	 ,	 ,
742	 ,oM_ks08LgEK8CZTTibzF0pDJAg6c	 ,0	 ,	 ,
743	 ,oM_ks06pl0DkKOvtnk0fmD6ZqeHg	 ,男	 ,	 ,
744	 ,oM_ks0w13NTbsId60cjtZvCTIwNg	 ,男	 ,	 ,
745	 ,oM_ks0z_Q92hFYm9MblrMr27sM6c	 ,男	 ,	 ,
746	 ,oM_ks015cBpJjVtqAcohFLOX6-IM	 ,女	 ,	 ,
747	 ,oM_ks0xcQCTcmiK0BK8ZRxnt7TRs	 ,男	 ,	 ,
748	 ,oM_ks05kQgLCMGC33dMpfyxQEcYo	 ,男	 ,	 ,
749	 ,oM_ks01Lif1XlbFoCnNw-YsriLcw	 ,男	 ,	 ,
750	 ,oM_ks00yCgKbr6ThSiOXb7U3b8HY	 ,男	 ,	 ,
751	 ,oM_ks01GOpRdntZ7Myegb4nC60rw	 ,男	 ,	 ,
752	 ,oM_ks02jhN6hPsUVqjaYqugH9nQ4	 ,女	 ,	 ,
753	 ,oM_ks05yfs_ncJLGWnvdyv6D5rmk	 ,男	 ,	 ,
754	 ,oM_ks02ennQRZeSeTMK5khZ8S_iU	 ,男	 ,	 ,
755	 ,oM_ks01VLNU0cEtskhgvNXzLgyNg	 ,男	 ,	 ,
756	 ,oM_ks09gI9PimTsia9UlJkxsX19g	 ,男	 ,	 ,
757	 ,oM_ks03XKZTHfwRQqzzqK-m5Uc-Q	 ,男	 ,	 ,
758	 ,oM_ks05VUb5fltG2PP1-KvUwhB2I	 ,女	 ,	 ,
759	 ,oM_ks0xN6xeuBJoiQXsWkSCUwag4	 ,男	 ,	 ,
760	 ,oM_ks05b4feovxK_rGS3Ij_W_uUY	 ,男	 ,	 ,
761	 ,oM_ks07lPK3glpQE5m9ctljrKblc	 ,男	 ,	 ,
762	 ,oM_ks06cJDP3aUmESX-5NKlWClm8	 ,男	 ,	 ,
763	 ,oM_ks068e6yZ7Qk-FshBSSDbpMpk	 ,女	 ,	 ,
764	 ,oM_ks03UY3kfLNhxlGK4bX7mjB40	 ,男	 ,	 ,
765	 ,oM_ks0-1jTkK0O5yun4CLMzKVbQA	 ,男	 ,	 ,
766	 ,oM_ks08WLE79KO5k-BWIi8wxuNN4	 ,女	 ,	 ,
767	 ,oM_ks09i84Xk90Yv7a7kuV_mC70I	 ,男	 ,	 ,
768	 ,oM_ks0_smmI3gHlkwRjSv9Y17Bfk	 ,男	 ,	 ,
769	 ,oM_ks09BWFsaCfltP8PKV6MvMjvs	 ,男	 ,	 ,
770	 ,oM_ks09_21NOl0w3rpK8unqghvho	 ,男	 ,	 ,
771	 ,oM_ks08vH3rOyw1OvRY9ukkZx94I	 ,男	 ,	 ,
772	 ,oM_ks039DGh0VvA3vau3N13SbC3Q	 ,男	 ,	 ,
773	 ,oM_ks05iMFvfghHrIXwSpU22QE-Y	 ,男	 ,	 ,
774	 ,oM_ks07uON-iJFOqDKe9NwUl85rA	 ,男	 ,	 ,
775	 ,oM_ks04k9iMvzOgqRIry30JYKpWk	 ,男	 ,	 ,
776	 ,oM_ks00wyGeGrmaLTpcXdpLyVxys	 ,男	 ,	 ,
777	 ,oM_ks0yfShB9MV8bGyApz8bFWqys	 ,男	 ,	 ,
778	 ,oM_ks0z-TIumL-yCWlrP9m9XAlhU	 ,男	 ,	 ,
779	 ,oM_ks0wMHcJ_2zLHqW0KnLv7Tlic	 ,男	 ,	 ,
780	 ,oM_ks0xtPq8Pd4OYSbmjPOYtiniQ	 ,男	 ,	 ,
781	 ,oM_ks06ZrmOWoAPL_H9Rk_Jsbxwk	 ,男	 ,	 ,
782	 ,oM_ks027vmfLTlLtQc168H_gIlXM	 ,男	 ,	 ,
783	 ,oM_ks01YI_hY8SDIL-yrzs3HYbbg	 ,男	 ,	 ,
784	 ,oM_ks0-yDyxRCx8jEtfLYCese5co	 ,男	 ,	 ,
785	 ,oM_ks0_Qu7t7EC85cf3LyAWhrJu4	 ,男	 ,	 ,
786	 ,oM_ks07PKrboFHa0nyRlgsTed6ck	 ,男	 ,	 ,
787	 ,oM_ks08kIDlFZvgolDjsk3E0naDk	 ,男	 ,	 ,
788	 ,oM_ks01DkvGPdf1QSlk_bDxMoFro	 ,男	 ,	 ,
789	 ,oM_ks06ruXxqy27xP0kMHZrJlSGY	 ,男	 ,	 ,
790	 ,oM_ks0-jBdK7P_iuIzJymkVuWdLA	 ,男	 ,	 ,
791	 ,oM_ks01W1ju5-xvKvwxzNZz9QhxQ	 ,男	 ,	 ,
792	 ,oM_ks0_9VTxbX6jPSZEiED4Y8tUg	 ,男	 ,	 ,
793	 ,oM_ks0_0mIOanqvfnog0H91FAD14	 ,男	 ,	 ,
794	 ,oM_ks03uuU1uSK12l0NDGkKDKa-c	 ,男	 ,	 ,
795	 ,oM_ks0-60xyEMb1cAIG6B5cFmgIY	 ,男	 ,	 ,
796	 ,oM_ks03YBbIWe0z16fgihvANmL9M	 ,男	 ,	 ,
797	 ,oM_ks0yomzdK7hzDkhA3jSSVtLBI	 ,男	 ,	 ,
798	 ,oM_ks08IoJHGVf60RtHue4EiCYCw	 ,男	 ,	 ,
799	 ,oM_ks0yBvi7zZYFq66jGRoCawNEc	 ,男	 ,	 ,
800	 ,oM_ks025So2OnccIvTC6byhOUc_4	 ,男	 ,	 ,
801	 ,oM_ks00q0QdRks1tC6swiq1SOsEU	 ,男	 ,	 ,
802	 ,oM_ks06oBsBOAivGbUWNUscztuJA	 ,男	 ,	 ,
803	 ,oM_ks0xilpLsrdbkHAbJi0AnbpSE	 ,女	 ,	 ,
804	 ,oM_ks0-OCGqqtyzeGRIxArByO4UQ	 ,男	 ,	 ,
805	 ,oM_ks048COlq6YsWOEHBt0WuMYtc	 ,男	 ,	 ,
806	 ,oM_ks04HMB2eXI7cNFk1veosrL-s	 ,男	 ,	 ,
807	 ,oM_ks06i1UOPLxOM6S0iVAhbVIXA	 ,男	 ,	 ,
808	 ,oM_ks04xBV9yWpctxdreJHYM-6SA	 ,男	 ,	 ,
809	 ,oM_ks0_Vd8YoZ71cZu1Ddy3Jrq-k	 ,男	 ,	 ,
810	 ,oM_ks046NZxRHVI5YgfDz5SBZjR0	 ,女	 ,	 ,
811	 ,oM_ks0yKQ4nnFMOcsoSoBMUAPeQc	 ,男	 ,	 ,
812	 ,oM_ks007fNWD23g-9DGJEUjpiSc0	 ,女	 ,	 ,
813	 ,oM_ks0yi8gq7EUT2sDzO2HCVyGlM	 ,男	 ,	 ,
814	 ,oM_ks0zB0YTkVKW46sVKHf4Tb_Fk	 ,男	 ,	 ,
815	 ,oM_ks0x3lnxRSuoLHeCXyYuATwic	 ,男	 ,	 ,
816	 ,oM_ks03eoypy-ouxHUWIIP2Vo5zM	 ,男	 ,	 ,
817	 ,oM_ks0_VxFKCVbILGHDoCF_-1-EE	 ,男	 ,	 ,
818	 ,oM_ks07PF_F2KwBPnk9ysNJRPuVw	 ,男	 ,	 ,
819	 ,oM_ks04b5f_lyP8iWI6BxV4kAWBw	 ,男	 ,	 ,
820	 ,oM_ks01Yh-ok2qPkvP_4GHjsdXug	 ,男	 ,	 ,
821	 ,oM_ks0zutQfpJ-tagj4ZDOhTVO-c	 ,女	 ,	 ,
822	 ,oM_ks0-WmnohuWb7cyQmIFaUwXSM	 ,男	 ,	 ,
823	 ,oM_ks00D7-cpYvA_BGIUzeI5tcE8	 ,女	 ,	 ,
824	 ,oM_ks0-E61i8cfHwidi2I0vYxSMI	 ,男	 ,	 ,
825	 ,oM_ks07kvNb5Al0vMvJWrnJiZXAU	 ,男	 ,	 ,
826	 ,oM_ks0zmkrNKM3MK_mbvXeByPbu0	 ,男	 ,	 ,
827	 ,oM_ks02U2SmN30O_ezVVcpZVZFEc	 ,男	 ,	 ,
828	 ,oM_ks0yfeidU8yhzqUoXP-d3L_NQ	 ,男	 ,	 ,
829	 ,oM_ks0yxhjPMNYvB_z4OPAvCIfYw	 ,男	 ,	 ,
830	 ,oM_ks07OzD2NlE6SmCRClMKCYwbY	 ,男	 ,	 ,
831	 ,oM_ks01kLRwa4OruetMjpKc4SEhg	 ,男	 ,	 ,
832	 ,oM_ks0x5tmpYwX4W8i8p_Lf6UCIs	 ,男	 ,	 ,
833	 ,oM_ks0-qCsdsozbW-ZB0xsVfwuIs	 ,男	 ,	 ,
834	 ,oM_ks00RV7vCjMsVQyD9r5V_2ICo	 ,男	 ,	 ,
835	 ,oM_ks0307kKGGOIcLUoZPGHMPh3k	 ,0	 ,	 ,
836	 ,oM_ks07uZ9UvuREF0QohuMUDqCdI	 ,男	 ,	 ,
837	 ,oM_ks0zxnAn7nIQb0sciiWUlk5a0	 ,男	 ,	 ,
838	 ,oM_ks0zE-8FRhwukQSPxbJqeXivc	 ,男	 ,	 ,
839	 ,oM_ks00otKnUmEprfjigrkuOyepo	 ,男	 ,	 ,
840	 ,oM_ks0ySI3vftGGSo1WIzNakC0i8	 ,男	 ,	 ,
841	 ,oM_ks0-EXIrIW556mn7ed8iGXBFs	 ,男	 ,	 ,
842	 ,oM_ks0_ibVkvqSHwKlXJMepouHBc	 ,男	 ,	 ,
843	 ,oM_ks091u1T5lz7SAnCoMpJCsK1c	 ,男	 ,	 ,
844	 ,oM_ks0-UGvdlszUb_2FabFZXZvog	 ,男	 ,	 ,
845	 ,oM_ks08r5jvu1XOFoF4gqEWg_DSg	 ,男	 ,	 ,
846	 ,oM_ks0wLbmNN_zsK7KDwUJIKVUTQ	 ,男	 ,	 ,
847	 ,oM_ks09BnxMxveo74rs9_5dM43Fc	 ,男	 ,	 ,
848	 ,oM_ks04fE2ON2PnoRwW0mDC1Dhtk	 ,男	 ,	 ,
849	 ,oM_ks0-ARrOHjVCL272oJmuU1pLw	 ,男	 ,	 ,
850	 ,oM_ks0x7haY0bRRhLCKFYql7Yqxg	 ,男	 ,	 ,
851	 ,oM_ks08Uhladgtk4fiD0JyoBhE_M	 ,男	 ,	 ,
852	 ,oM_ks0wFSIwgu5vaFVeLMNX7LOLI	 ,男	 ,	 ,
853	 ,oM_ks0xs4g0gLp6tBKmk49r_DEy4	 ,男	 ,	 ,
854	 ,oM_ks09eF46u3gfADnsfDXzaaZe4	 ,男	 ,	 ,
855	 ,oM_ks04ow-bRcYcNCc-6tJfdQEWY	 ,男	 ,	 ,
856	 ,oM_ks09rB4inEUoYRLOZzvwA1IF0	 ,男	 ,	 ,
857	 ,oM_ks0zgX3opKvxhok0Jc7__UjTk	 ,女	 ,	 ,
858	 ,oM_ks0xVhcbKM50nLYbKwXiopYAg	 ,男	 ,	 ,
859	 ,oM_ks0z7iDWN2PcAUUOGvqF618FY	 ,男	 ,	 ,
860	 ,oM_ks03lZoGGis3bF5B9_KJJIzAI	 ,男	 ,	 ,
861	 ,oM_ks0yksNF3IXUgip10eh5XMuMo	 ,男	 ,	 ,
862	 ,oM_ks04DPqq_302dgi2WZH0_Re9s	 ,男	 ,	 ,
863	 ,oM_ks0-5gMi3W5lyksSNnyMlwUm8	 ,男	 ,	 ,
864	 ,oM_ks04349AKbXRZ7Cj8P3I0sRcg	 ,男	 ,	 ,
865	 ,oM_ks02Xr5x3yI68F2ksIUxLL60E	 ,男	 ,	 ,
866	 ,oM_ks0xS0-CLMTLyjac50hTqjKKc	 ,男	 ,	 ,
867	 ,oM_ks0z5u3zvOOjSoklpiQXx3dto	 ,男	 ,	 ,
868	 ,oM_ks0wa-0hGSHRIZUhNofoHeJH0	 ,男	 ,	 ,
869	 ,oM_ks09GuxB-5gdJuxXI9KP_zJzA	 ,男	 ,	 ,
870	 ,oM_ks09Fw2phbIIWBDSolVv3_DBI	 ,男	 ,	 ,
871	 ,oM_ks09d2P3GnQxJZup8_SwMBbgc	 ,女	 ,	 ,
872	 ,oM_ks05MRXcZcX2DkQ4j8nuUpgX8	 ,男	 ,	 ,
873	 ,oM_ks0zUzM8j3sxN2EPlWiDRY6Bk	 ,男	 ,	 ,
874	 ,oM_ks09VvF_ZZXIjztnIpM6mEW6s	 ,男	 ,	 ,
875	 ,oM_ks0w_dkmBR59XX8FiER-X0W1A	 ,男	 ,	 ,
876	 ,oM_ks06dZiWpadBG_szZpptf9Nys	 ,女	 ,	 ,
877	 ,oM_ks09ywUWyztLkLcGOyVrg1W_s	 ,男	 ,	 ,
878	 ,oM_ks068FL36t75l8WvdtvbvJ-54	 ,男	 ,	 ,
879	 ,oM_ks0xweNnngvoptIUeZskfO3xc	 ,女	 ,	 ,
880	 ,oM_ks0xy_bRNbgyoInKstejpcWy4	 ,男	 ,	 ,
881	 ,oM_ks06NjY1Qs78NAQcpjzJxv57E	 ,0	 ,	 ,
882	 ,oM_ks0-vAgcUqDrWC2OkjXHOVi18	 ,男	 ,	 ,
883	 ,oM_ks0wj6XsbvYv4ggkfG6DOYDUM	 ,男	 ,	 ,
884	 ,oM_ks0-NSJ5Z5IyTLSq-sAZVlpgQ	 ,男	 ,	 ,
885	 ,oM_ks00w5n6VGPFcOKSREIuB8zbA	 ,男	 ,	 ,
886	 ,oM_ks03GJgQ3f-NdUmvHUDHz21LA	 ,男	 ,	 ,
887	 ,oM_ks00ikVD91lrZmrK5k0FwCRm0	 ,男	 ,	 ,
888	 ,oM_ks0yG9C_nskiSByTxSyz9iWuE	 ,女	 ,	 ,
889	 ,oM_ks06lckiTmYZvXDTrlFKDL0dk	 ,男	 ,	 ,
890	 ,oM_ks0_y1EQlDE169Fg1jqZKnEKI	 ,男	 ,	 ,
891	 ,oM_ks0-cyVx-nu2r51o8rThk4iuo	 ,女	 ,	 ,
892	 ,oM_ks0wf40AED9DNjcvau0TOEfTs	 ,女	 ,	 ,
893	 ,oM_ks08sYk4yEL-Iw90r0c8CqPDc	 ,男	 ,	 ,
894	 ,oM_ks02CXMqfR0rWdiuN0P0cKBRc	 ,男	 ,	 ,
895	 ,oM_ks04680_-Dtzdwbz_PS5349kI	 ,男	 ,	 ,
896	 ,oM_ks01LBVJx2fNqCGhV5u-JYHaI	 ,男	 ,	 ,
897	 ,oM_ks0wbYvtXVBFRs79qTpmXlrBo	 ,女	 ,	 ,
898	 ,oM_ks08hkEbrPbAtRZw8O474jEYA	 ,男	 ,	 ,
899	 ,oM_ks0wYcn-nHE61TAzVvndu0H3A	 ,男	 ,	 ,
900	 ,oM_ks0yEG0vAbg5qtKAptOH9FefM	 ,男	 ,	 ,
901	 ,oM_ks0yiET4mPpCeFaw5EuaXbfWw	 ,男	 ,	 ,
902	 ,oM_ks088pHzf4FA4dKrG-nKgBMfE	 ,男	 ,	 ,
903	 ,oM_ks0wdHMCu7InetFVMIM6hHmEU	 ,女	 ,	 ,
904	 ,oM_ks0xaJdJJhixFPOC9z26qTZ5I	 ,男	 ,	 ,
905	 ,oM_ks04mb4BYsqyHr67YratQRtaI	 ,女	 ,	 ,
906	 ,oM_ks0x3eBGE86BrM3sN59Pk1GfU	 ,男	 ,	 ,
907	 ,oM_ks01RTtrJ5k991Ans2naMbs9k	 ,男	 ,	 ,
908	 ,oM_ks06mgCIscVhZbfgDuALWTlu8	 ,男	 ,	 ,
909	 ,oM_ks0yPYvsYFP_nVjD21J6NMLD4	 ,男	 ,	 ,
910	 ,oM_ks0w044qFYfyXerU28uNCIwLs	 ,男	 ,	 ,
911	 ,oM_ks0w4r07-MqO6ovGxIa-wkwN0	 ,男	 ,	 ,
912	 ,oM_ks02eMPXSOF7wBgTV6UkZctc8	 ,男	 ,	 ,
913	 ,oM_ks07t4b28tYzp4JfiWfoR_SgQ	 ,男	 ,	 ,
914	 ,oM_ks01_uO35x-gnmpItLBsVPWM4	 ,男	 ,	 ,
915	 ,oM_ks00z3Pz7ts7L9yLi8Nhfi3OU	 ,女	 ,	 ,
916	 ,oM_ks0wGaveS7jPUE6cO6Zn-izxg	 ,男	 ,	 ,
917	 ,oM_ks0-QMio0SsKEwffzp9ZzbweU	 ,男	 ,	 ,
918	 ,oM_ks0w04Q4f8w-fIgJvIo5UsDpk	 ,男	 ,	 ,
919	 ,oM_ks0ytsbswRBakUQEmoVA20gWw	 ,男	 ,	 ,
920	 ,oM_ks002CUQ_vrGIO3LqfkTKZhQk	 ,0	 ,	 ,
921	 ,oM_ks05bCXw3ythPvhsbcr-7Eyys	 ,男	 ,	 ,
922	 ,oM_ks0xwDJY7gje3wMP6Tnhprcd8	 ,男	 ,	 ,
923	 ,oM_ks09taFOcYU4e6aG_Fx4WTvjY	 ,男	 ,	 ,
924	 ,oM_ks0zLwz6NgnWOpV3AOsyQnW-k	 ,男	 ,	 ,
925	 ,oM_ks04L-vaIC9rDNwahZY1J1N84	 ,男	 ,	 ,
926	 ,oM_ks062RU1TNTixbJrxJWA3RiS4	 ,男	 ,	 ,
927	 ,oM_ks030qg0zSKUUI9wXQEOlqJf4	 ,0	 ,	 ,
928	 ,oM_ks02Br87cGzSAnfw-xor9C3Sg	 ,男	 ,	 ,
929	 ,oM_ks08PoZplueCCrOzVM_lnQFWw	 ,男	 ,	 ,
930	 ,oM_ks03Gs1q1F5LM9ZoVB0z_As-c	 ,男	 ,	 ,
931	 ,oM_ks0yz9wCh0drgD9JpNcy82808	 ,男	 ,	 ,
932	 ,oM_ks0wuAjn2ymfO-slJe23eUDJs	 ,男	 ,	 ,
933	 ,oM_ks08TFcgjflQvMVEavw5B2ryI	 ,男	 ,	 ,
934	 ,oM_ks02TnDh7LuticShfaYA71ePQ	 ,男	 ,	 ,
935	 ,oM_ks0_S_hq9jjvQ69Wog1liyPOA	 ,男	 ,	 ,
936	 ,oM_ks0wyDRER5SUwNbt6LGTel6JI	 ,男	 ,	 ,
937	 ,oM_ks04uyvvHnBdqUWckZDQylShY	 ,男	 ,	 ,
938	 ,oM_ks0zScf8VRLqh217PT9kG971M	 ,男	 ,	 ,
939	 ,oM_ks0_sHM9oyY4imZ4CPybmeYvs	 ,男	 ,	 ,
940	 ,oM_ks0xnjcfmsVkCZZ45pLAbzLfk	 ,女	 ,	 ,
941	 ,oM_ks03jJ_C1h5GR6sx0diVoBIkM	 ,男	 ,	 ,
942	 ,oM_ks083iAw69SmWVtazxpY2gIgw	 ,男	 ,	 ,
943	 ,oM_ks01RyR-Zy3apgOOuOTUJrXTA	 ,男	 ,	 ,
944	 ,oM_ks06vQkCsc-HHH5PyndhPzCXw	 ,男	 ,	 ,
945	 ,oM_ks03uUwocDTTIHBGWjlrssnJ4	 ,男	 ,	 ,
946	 ,oM_ks038WE1XXLPYBXbdKJTRad5s	 ,男	 ,	 ,
947	 ,oM_ks08oC8Vdlu1TB7Au0Oppc5G0	 ,男	 ,	 ,
948	 ,oM_ks0wLRGVT1X0i7hP_7iUs22CU	 ,男	 ,	 ,
949	 ,oM_ks079d4y1Ya3UjPI_xl4MqmKI	 ,男	 ,	 ,
950	 ,oM_ks01pwsRWAuNN-xhe-okF8no0	 ,男	 ,	 ,
951	 ,oM_ks00HI3vOjPyI8MnBzcZjI690	 ,男	 ,	 ,
952	 ,oM_ks07c0K-omCOQm6WP2gPSLTeo	 ,男	 ,	 ,
953	 ,oM_ks0_o3um69h52ilTLeUc5ofA0	 ,男	 ,	 ,
954	 ,oM_ks061CinlL-CODvWMODygivcM	 ,男	 ,	 ,
955	 ,oM_ks06PxTGYHgrnoFHJJB-S-AjA	 ,男	 ,	 ,
956	 ,oM_ks088GFWz2LvWeI4-HV9q_A6U	 ,0	 ,	 ,
957	 ,oM_ks08_50uLiHeiS_-KvfBzjDZ4	 ,女	 ,	 ,
958	 ,oM_ks0-G1egowme7RmExqr8_siVA	 ,女	 ,	 ,
959	 ,oM_ks067zZhVHjrVoRDK8l7slMD0	 ,男	 ,	 ,
960	 ,oM_ks05lTVDekj7Qe79f-5zAiPJk	 ,男	 ,	 ,
961	 ,oM_ks07lUeH65AbOdFzMwgLh6MDE	 ,男	 ,	 ,
962	 ,oM_ks0wBns1NBwaHtFzgBvl5t7WE	 ,男	 ,	 ,
963	 ,oM_ks01LLZUMBpbQGDO9zTwYlzcg	 ,男	 ,	 ,
964	 ,oM_ks0-ZN-BFiEijDPzjKU8x8vpY	 ,男	 ,	 ,
965	 ,oM_ks0yt7tYXkMqKRc76lDeJ8ouw	 ,男	 ,	 ,
966	 ,oM_ks06ondXYe9i-fwi1RWpgy3Z0	 ,男	 ,	 ,
967	 ,oM_ks0w5xzmVLgj4x4r6mNRYApiE	 ,男	 ,	 ,
968	 ,oM_ks0wAivbD2IJIUeLZg_ndLPoM	 ,男	 ,	 ,
969	 ,oM_ks06zDUSbnAiFMyCtN1scfdws	 ,0	 ,	 ,
970	 ,oM_ks00Dfr3XBtuTQtbgW4x53NGo	 ,男	 ,	 ,
971	 ,oM_ks0yfFhRPVz7Bd8LMAqyj0qvc	 ,男	 ,	 ,
972	 ,oM_ks08WVJj0N9FQkZJ-Gkke1yEQ	 ,0	 ,	 ,
973	 ,oM_ks04-v6xnZf0EIrOwUi2LSuXw	 ,男	 ,	 ,
974	 ,oM_ks04F0aY9ucSY2II-SWrFUpo8	 ,0	 ,	 ,
975	 ,oM_ks0zlL_hT5HQosiwXL8pRAiss	 ,男	 ,	 ,
976	 ,oM_ks07Z0Mrw20s5X3jef3YEwVZc	 ,0	 ,	 ,
977	 ,oM_ks0xDrKsnxWPCxGzezTP7kJgg	 ,男	 ,	 ,
978	 ,oM_ks0xsenntU68ZjkmtKSfL0Q9s	 ,男	 ,	 ,
979	 ,oM_ks07CcONh307Rg9H_wqul5n6o	 ,男	 ,	 ,
980	 ,oM_ks02raCb5jxfn1TmZxWVIqKNA	 ,男	 ,	 ,
981	 ,oM_ks059nEak72wDDmm3hMZm1BW4	 ,男	 ,	 ,
982	 ,oM_ks08Vo5tYeKMrJ6wEr3X8fkmI	 ,男	 ,	 ,
983	 ,oM_ks0_LHhSyeMGwufj_RZDy4S_s	 ,男	 ,	 ,
984	 ,oM_ks05Ryx3Me47tvzHA9siI50oE	 ,男	 ,	 ,
985	 ,oM_ks0x0BDlygikiILVaXhR2m1Dg	 ,男	 ,	 ,
986	 ,oM_ks0yPGo-afoZgRXwO5WFo47Q4	 ,男	 ,	 ,
987	 ,oM_ks06m5P68qbCXoVxKHC_fP29A	 ,男	 ,	 ,
988	 ,oM_ks0ymkBiiIWXXNJVB4v_Xz1qw	 ,女	 ,	 ,
989	 ,oM_ks03VF04d71G1Gw2LzfyqzKh0	 ,男	 ,	 ,
990	 ,oM_ks01kiu52NkkKAOou_PtbFPUg	 ,男	 ,	 ,
991	 ,oM_ks00eZdW9JomFdkR-HdTqC3lo	 ,男	 ,	 ,
992	 ,oM_ks00YmDGfnjBXAvWLsEZm29Nc	 ,男	 ,	 ,
993	 ,oM_ks02KZ9MNw9hs1J5OePFOsOUo	 ,男	 ,	 ,
994	 ,oM_ks05bhVdPq7QOur95MUBE6l7A	 ,男	 ,	 ,
995	 ,oM_ks09I-1flsMGl8tsLaJyuPq2k	 ,男	 ,	 ,
996	 ,oM_ks01XFeukuZCpnWikVnpCasN0	 ,男	 ,	 ,
997	 ,oM_ks06Z_nIaiIU3HxPfofPkXspc	 ,男	 ,	 ,
998	 ,oM_ks02lrNgKYYmWUOfYnJMpSQFE	 ,男	 ,	 ,
999	 ,oM_ks06_KMH9jdv6BkASAl_dPfHA	 ,男	 ,	 ,
1000	 ,oM_ks09W1WyQVlMFnl_iGtC96n9g	 ,男	 ,	 ,
1001	 ,oM_ks05VXzkLX9pKO7V9-K_NPSmE	 ,女	 ,	 ,
1002	 ,oM_ks028fWyzyPweQXoKByx0JIZc	 ,男	 ,	 ,
1003	 ,oM_ks02QxFG1FeVDfNZtpBw4l06I	 ,女	 ,	 ,
1004	 ,oM_ks08sOqH3GOEslCT_QXfncUl8	 ,男	 ,	 ,
1005	 ,oM_ks0-r1XzynKygX_t74DyA_MRA	 ,男	 ,	 ,
1006	 ,oM_ks07xzUuNHh_IxmjUi-NCpnEk	 ,男	 ,	 ,
1007	 ,oM_ks03h35CjmqXrtMIDtdDhkecY	 ,男	 ,	 ,
1008	 ,oM_ks0yiemSAjUtEUk7mDM92rsOI	 ,男	 ,	 ,
1009	 ,oM_ks0-KCdalpmqQWI-JHUdNBQzw	 ,男	 ,	 ,
1010	 ,oM_ks00sGFLHiPC7yvIz0YZBUUiM	 ,男	 ,	 ,
1011	 ,oM_ks0xkemzk_5YIGAbAs5e6_R9E	 ,男	 ,	 ,
1012	 ,oM_ks0xcoxH2wGH40JVB7_VWtJac	 ,男	 ,	 ,
1013	 ,oM_ks090l11UehdkKjPM4WTYdZd4	 ,男	 ,	 ,
1014	 ,oM_ks04ue1dcJSqZvqhX85v5PMGI	 ,男	 ,	 ,
1015	 ,oM_ks00PTuox0CiQtahKQ-93yNBw	 ,男	 ,	 ,
1016	 ,oM_ks0yf3Xn0Ej_ssgzxEYUGVmZw	 ,男	 ,	 ,
1017	 ,oM_ks00Hagyu7XKb7f_q__fUViSA	 ,男	 ,	 ,
1018	 ,oM_ks0_AiuFXqXDdEEuizbYoy49M	 ,男	 ,	 ,
1019	 ,oM_ks0_O3C7OnEqwQPnklLeeZYsY	 ,男	 ,	 ,
1020	 ,oM_ks0_o-qspy21rWSkD6lcHDMeY	 ,男	 ,	 ,
1021	 ,oM_ks02e1nFIyUPTaT3haGEbbyqM	 ,男	 ,	 ,
1022	 ,oM_ks02ISAopxJcxNiGcQcl4XC7Q	 ,男	 ,	 ,
1023	 ,oM_ks01_OmdPqxLQYSlXqKSpeszU	 ,男	 ,	 ,
1024	 ,oM_ks033JXjOgm6mIdzoCJ-tDWtA	 ,男	 ,	 ,
1025	 ,oM_ks05Ec1hEjnkPaElkbuMUCgaU	 ,男	 ,	 ,
1026	 ,oM_ks0xro0uS5ZgbyriE_NTBq0RQ	 ,男	 ,	 ,
1027	 ,oM_ks0zno2_Y3Q3SOGIKd4zUdrXI	 ,男	 ,	 ,
1028	 ,oM_ks0yTopvREcrJ4gnscotVexys	 ,男	 ,	 ,
1029	 ,oM_ks03PNT9UG81JYiKiXvFmAtPM	 ,男	 ,	 ,
1030	 ,oM_ks0z9d9dFbJ25G3m7lYk6YEUk	 ,男	 ,	 ,
1031	 ,oM_ks03COop0BkV33za1in8EVX84	 ,0	 ,	 ,
1032	 ,oM_ks0zldHT48_iioCjbe7fJGSdA	 ,男	 ,	 ,
1033	 ,oM_ks05tikVcfYZ9D0QkT8RdIbm4	 ,0	 ,	 ,
1034	 ,oM_ks0z1WiaROMvTUY3chupwubbg	 ,男	 ,	 ,
1035	 ,oM_ks01lV6qobDudtPDEjdSIsrBM	 ,男	 ,	 ,
1036	 ,oM_ks016kGIZvLgApoJdGQ1D-LIc	 ,男	 ,	 ,
1037	 ,oM_ks04e2rV8Ro-T5ATW-pS5MmXQ	 ,男	 ,	 ,
1038	 ,oM_ks08Q6xcjiEAh4qIIoVbaaU5w	 ,男	 ,	 ,
1039	 ,oM_ks098oJauKE5Sr1WBfypyHIPk	 ,男	 ,	 ,
1040	 ,oM_ks0wi4pvX15RzJN94uhaXpXyc	 ,男	 ,	 ,
1041	 ,oM_ks01ccaOY5LOO2GeyZt4ZF0dU	 ,男	 ,	 ,
1042	 ,oM_ks0w085MXITZQ8vSKpeP8DF48	 ,男	 ,	 ,
1043	 ,oM_ks0-IdGrd1YdJ8PgjozznRJfM	 ,男	 ,	 ,
1044	 ,oM_ks00Cl3l4aXPZUZ7vKQAHUhjA	 ,0	 ,	 ,
1045	 ,oM_ks07dR7-Yyj1akJITxHqWvWbU	 ,男	 ,	 ,
1046	 ,oM_ks06AO6eUhQMtD57XlkD27Qag	 ,男	 ,	 ,
1047	 ,oM_ks0yZNgUlARXtksV3NpIrmeyk	 ,男	 ,	 ,
1048	 ,oM_ks072-h4bbXiw_YYaHdjPF_-A	 ,男	 ,	 ,
1049	 ,oM_ks0-AeOZZ6McUs4RFqUBFAMsY	 ,男	 ,	 ,
1050	 ,oM_ks0xx_TY0ykHomFH41isoNSbs	 ,男	 ,	 ,
1051	 ,oM_ks03CHif5NBWksnOt8vPhocUM	 ,女	 ,	 ,
1052	 ,oM_ks01XvIbPWjlAN9Gq3KSBmBdI	 ,男	 ,	 ,
1053	 ,oM_ks0zy-KWbm6mTo6L2Q2ODF-VU	 ,男	 ,	 ,
1054	 ,oM_ks021puLNAaPm_hzLnTOK1xuE	 ,男	 ,	 ,
1055	 ,oM_ks0z9poDg7cVt1_WJwB5o5tA4	 ,男	 ,	 ,
1056	 ,oM_ks0zSwpKk64GoePCAwdPCGmdM	 ,男	 ,	 ,
1057	 ,oM_ks0-YHsMGL3GSHSzQtllpXWYM	 ,男	 ,	 ,
1058	 ,oM_ks07YvxdAB0V_kWRLB3qLLRak	 ,男	 ,	 ,
1059	 ,oM_ks0wf1OuXsZpNwpoHf1s94g5I	 ,男	 ,	 ,
1060	 ,oM_ks06sI_3uaS_-7qoVhcI4AJtY	 ,女	 ,	 ,
1061	 ,oM_ks08Q5jMHnETRi6CTT8CqBmCI	 ,男	 ,	 ,
1062	 ,oM_ks06EUtgeG5AendT8wt5uy8ac	 ,男	 ,	 ,
1063	 ,oM_ks01ttNv7AjH_j2V7WpF539BM	 ,男	 ,	 ,
1064	 ,oM_ks05kQodUzIJ5nwk4x1jpdlac	 ,0	 ,	 ,
1065	 ,oM_ks03NRemGzAu9QLBCHSzjlaVA	 ,男	 ,	 ,
1066	 ,oM_ks00Etne_mQVoQLLKD559tx4M	 ,男	 ,	 ,
1067	 ,oM_ks0wZ4eSAoMXnpoToMIk5U6DM	 ,男	 ,	 ,
1068	 ,oM_ks0283Fxh5BFwjPq9vxqy1tBs	 ,男	 ,	 ,
1069	 ,oM_ks0zSObwpheVRuCRbdjI4HXnU	 ,男	 ,	 ,
1070	 ,oM_ks0w-lCClCr3SSfhzEI-OZQNc	 ,男	 ,	 ,
1071	 ,oM_ks0zEu9kVMfMsrGSNpcK8eBoQ	 ,男	 ,	 ,
1072	 ,oM_ks01dM2cFTZRoL5bntaOZlXcQ	 ,男	 ,	 ,
1073	 ,oM_ks087OR_3bcvjRzcj3il6WU74	 ,男	 ,	 ,
1074	 ,oM_ks03e9SEDN4VIAFvzwqJFsRZY	 ,男	 ,	 ,
1075	 ,oM_ks01HDdAYlK4N1NNbDupfis1Q	 ,男	 ,	 ,
1076	 ,oM_ks0yNwyqytK02UwJdZ_HHMMTw	 ,男	 ,	 ,
1077	 ,oM_ks04lu54pOqmFMQAXKisYEwIs	 ,女	 ,	 ,
1078	 ,oM_ks0w-K0whLDkcI5VwZwHi30KM	 ,男	 ,	 ,
1079	 ,oM_ks05-iCk8aNZTgrsUhrWLWnSs	 ,男	 ,	 ,
1080	 ,oM_ks01RjRX7dgqZ82n5ODvacLSc	 ,0	 ,	 ,
1081	 ,oM_ks0xBMBhtAR1ABSIPzogHAAE0	 ,女	 ,	 ,
1082	 ,oM_ks0_JJvrvCwfCJMKJ_UTX6Yto	 ,女	 ,	 ,
1083	 ,oM_ks0_0xyBK9wkgoYsergC6rsSk	 ,男	 ,	 ,
1084	 ,oM_ks06tJtXcaLclm5JJ89ROxHUs	 ,男	 ,	 ,
1085	 ,oM_ks04f5vjLKWoveLiB4EVQ4mOM	 ,男	 ,	 ,
1086	 ,oM_ks08F6L7Vd4MW6taFX02c4XSI	 ,男	 ,	 ,
1087	 ,oM_ks0xkDRMu49zyrjGI3FfJ0fpQ	 ,男	 ,	 ,
1088	 ,oM_ks04LaxSTBHKbyP1Lz9sIc0vg	 ,男	 ,	 ,
1089	 ,oM_ks0z-W3Ay3719veTvAJl57x9c	 ,男	 ,	 ,
1090	 ,oM_ks01UGyYTt64rW-Y4NYUwlgco	 ,男	 ,	 ,
1091	 ,oM_ks05iDe8Bv-wJQLb3jnPqDCfo	 ,男	 ,	 ,
1092	 ,oM_ks044Xz9fYuyRYsK61g74IHL8	 ,男	 ,	 ,
1093	 ,oM_ks09IOG3so7t_q6vgW8-JDlBI	 ,男	 ,	 ,
1094	 ,oM_ks07jbJnq-7w5pQdEkV-zmlR4	 ,男	 ,	 ,
1095	 ,oM_ks0_-265CMzNh4RcURJJKK9Pk	 ,男	 ,	 ,
1096	 ,oM_ks03WRfSnZAwjzQhp7_FuO5-0	 ,男	 ,	 ,
1097	 ,oM_ks07ahwqYmUrX-wzQYsE7f0Cs	 ,男	 ,	 ,
1098	 ,oM_ks05IAgj7che3icnHn-2h7zJY	 ,男	 ,	 ,
1099	 ,oM_ks08E_6IxyalSCBUOV0pk_zxo	 ,男	 ,	 ,
1100	 ,oM_ks0zSzG9J8GjjdT8ephkQ8S0c	 ,男	 ,	 ,
1101	 ,oM_ks09sxaC8KPcPA8e_fFwWGcpQ	 ,男	 ,	 ,
1102	 ,oM_ks02S1py0m1dX-TA8ZtnXUoAQ	 ,男	 ,	 ,
1103	 ,oM_ks05f-IUnZYeYhijsOasP2E_4	 ,男	 ,	 ,
1104	 ,oM_ks049WgBhaA8wmM4FMrLtpnDk	 ,男	 ,	 ,
1105	 ,oM_ks0-8wJLhF0OcXE5CtdTiP3Ug	 ,0	 ,	 ,
1106	 ,oM_ks0yUXbn-S9SW6xApmJUQtSbw	 ,男	 ,	 ,
1107	 ,oM_ks0wDPBQ13Gpwt6x3bEURXJkQ	 ,男	 ,	 ,
1108	 ,oM_ks00smbGmCTVGJLTgW-_2B-Jk	 ,男	 ,	 ,
1109	 ,oM_ks0y8fWgsSKPsN58Mb_tga010	 ,男	 ,	 ,
1110	 ,oM_ks03ttxduNqBkQCtL1IgtGPQk	 ,男	 ,	 ,
1111	 ,oM_ks01cNEDxz5DC3Np12mvTowgQ	 ,男	 ,	 ,
1112	 ,oM_ks07y0xHqKUVOU3xPVtFrYn1M	 ,男	 ,	 ,
1113	 ,oM_ks00Wmd5pEvDHYKmqi5K-Dg00	 ,男	 ,	 ,
1114	 ,oM_ks05hL6w1wf7R6OQ53v5C9tIA	 ,男	 ,	 ,
1115	 ,oM_ks02ZPKbNqKwrmg62isqEnKhc	 ,男	 ,	 ,
1116	 ,oM_ks0woubwfr_C0alslIdXut594	 ,男	 ,	 ,
1117	 ,oM_ks0_Fb0mHYDWrdKs5qTytqLJQ	 ,男	 ,	 ,
1118	 ,oM_ks00oFtj-dyza1FsQnmqnoa2Y	 ,男	 ,	 ,
1119	 ,oM_ks0ycuz0LYpQOtlxASS_FEwl8	 ,男	 ,	 ,
1120	 ,oM_ks0xdf9_BO4ycL2NWNQsR6Hn0	 ,男	 ,	 ,
1121	 ,oM_ks03xg20CryScv4xSH-6JBAns	 ,男	 ,	 ,
1122	 ,oM_ks0xSogKBMMhV-4Geo4itkZQc	 ,男	 ,	 ,
1123	 ,oM_ks04odJFC7YHpzRyfi4LGD8BM	 ,男	 ,	 ,
1124	 ,oM_ks02yyY6jhl5W6zB0tH9AQDBI	 ,男	 ,	 ,
1125	 ,oM_ks09cxkAePtVIRo1brCux6Pxk	 ,男	 ,	 ,
1126	 ,oM_ks0wPZfurUewSfh_WoSCSlYVA	 ,男	 ,	 ,
1127	 ,oM_ks0_qvxAjeRvgXx4dPS11RB6M	 ,男	 ,	 ,
1128	 ,oM_ks0-4xohvajbC7KZFyAYYddZM	 ,男	 ,	 ,
1129	 ,oM_ks0xcrQvT0x4lRWPKYbHD8K3c	 ,男	 ,	 ,
1130	 ,oM_ks0xjpDGSwNYqXPWArAFODSeU	 ,男	 ,	 ,
1131	 ,oM_ks09zPctlYm1RPxiLHNYdVr7A	 ,女	 ,	 ,
1132	 ,oM_ks0yO2S6TONkkcybvnUf3nYEw	 ,男	 ,	 ,
1133	 ,oM_ks02IXoCED8rHEDZRY2Th6ygI	 ,男	 ,	 ,
1134	 ,oM_ks011N_LOaYSs1009Str_yzU0	 ,男	 ,	 ,
1135	 ,oM_ks041DPWIeeHstDfJDJIc_5Ec	 ,男	 ,	 ,
1136	 ,oM_ks05CgngyFuoQ8FNmJuhZxJME	 ,男	 ,	 ,
1137	 ,oM_ks00eWARF3cHV4aGW5DBkI5bM	 ,男	 ,	 ,
1138	 ,oM_ks0zvJkDcZ9jIP3fz8QEMvYOU	 ,男	 ,	 ,
1139	 ,oM_ks09qjoIuWVGTEHAJJ94HoSx4	 ,男	 ,	 ,
1140	 ,oM_ks0_Rmw1TDUocnWx9EY0maIsQ	 ,男	 ,	 ,
1141	 ,oM_ks09GsXrKfZTQcmcMsmS7YSiE	 ,男	 ,	 ,
1142	 ,oM_ks06DIHllHq9uvXEDAscfLaAc	 ,男	 ,	 ,
1143	 ,oM_ks08nwUM3RJfCML5UJqn8G3C8	 ,男	 ,	 ,
1144	 ,oM_ks01XdHdEzpQepenlwB6PTHfg	 ,男	 ,	 ,
1145	 ,oM_ks09q4490corJTrPDsQS8r720	 ,男	 ,	 ,
1146	 ,oM_ks0-FZgDNxMVrmNRI4c-WWiGs	 ,男	 ,	 ,
1147	 ,oM_ks0_n_-4WfavcNz1f_ArQl4xs	 ,男	 ,	 ,
1148	 ,oM_ks04Ppnx22RGcAhqtWvAY07lM	 ,男	 ,	 ,
1149	 ,oM_ks0_1ziQ7HxsV8v09ArwjJuMA	 ,男	 ,	 ,
1150	 ,oM_ks07oESNVIetSTDlwBtjWjulQ	 ,男	 ,	 ,
1151	 ,oM_ks0y8AqL9GeM_dUcKtCdlIc0o	 ,男	 ,	 ,
1152	 ,oM_ks08WtZNoKDWOVzdEn1s5gHyI	 ,男	 ,	 ,
1153	 ,oM_ks02NxfrKj5Sq_7uOdy6Vj2FY	 ,男	 ,	 ,
1154	 ,oM_ks07i2aB840egN7D_SC_B7OSw	 ,女	 ,	 ,
1155	 ,oM_ks03DOKs14PPAPXCTxlQn_e5M	 ,0	 ,	 ,
1156	 ,oM_ks059az6ImxRPt7z7qvsS1bbI	 ,男	 ,	 ,
1157	 ,oM_ks09KUSNWtlivVANFTsFi8rOg	 ,0	 ,	 ,
1158	 ,oM_ks01ZFcrLoPyLNX2S7aZSWPM4	 ,男	 ,	 ,
1159	 ,oM_ks00jv9lzKYisDmlcu50ZBBbw	 ,男	 ,	 ,
1160	 ,oM_ks09fFC0D8RBZe-Q_6qmqOnkA	 ,0	 ,	 ,
1161	 ,oM_ks0wfLw2MTtxJ8iNh0UpAoXvw	 ,男	 ,	 ,
1162	 ,oM_ks0_8aY2LboHjgBqNvPV_OAAc	 ,男	 ,	 ,
1163	 ,oM_ks0_t3kn_qm1DdQvpJuULDiiY	 ,男	 ,	 ,
1164	 ,oM_ks0w7382bNTddyVXthV7xZjb4	 ,女	 ,	 ,
1165	 ,oM_ks0yIFMh0Gzp_ETG9n6IfE5WE	 ,男	 ,	 ,
1166	 ,oM_ks0x0HpepEp1kaio2bkTwlL3A	 ,男	 ,	 ,
1167	 ,oM_ks01Y4rBffnCAsn05ndtS9CbI	 ,男	 ,	 ,
1168	 ,oM_ks07QQxZI7UrClLeZabaM7Fmk	 ,男	 ,	 ,
1169	 ,oM_ks09Sv80APcjUQINqLlc8pRjY	 ,男	 ,	 ,
1170	 ,oM_ks05-2kB6a3N20iUzLs8p04MQ	 ,女	 ,	 ,
1171	 ,oM_ks07zmEaMaTg7NqGCryyTae3k	 ,男	 ,	 ,
1172	 ,oM_ks014pdK4VYg0rUCbQAiZbIh8	 ,男	 ,	 ,
1173	 ,oM_ks0zm6IUzrRYRU9pvAQ4-RSfQ	 ,男	 ,	 ,
1174	 ,oM_ks00kbQFuoUFiI2QXiitQ_jaU	 ,男	 ,	 ,
1175	 ,oM_ks08DpG1SqU3X-Jc1tuxhwuM4	 ,男	 ,	 ,
1176	 ,oM_ks0344ESbQ4kJ_GAbjXHeimD8	 ,男	 ,	 ,
1177	 ,oM_ks07RWROKc3Nw_PQ8p3ZyKRpE	 ,男	 ,	 ,
1178	 ,oM_ks0w5vfcA2onDCwdyjsRP6Cx8	 ,男	 ,	 ,
1179	 ,oM_ks0yInIafpfcnS5xi97iN4b7I	 ,男	 ,	 ,
1180	 ,oM_ks0_Jlh4g2kEsT0lVvdgXx3c0	 ,男	 ,	 ,
1181	 ,oM_ks07C4pHwb82K15tN90f7-hF8	 ,男	 ,	 ,
1182	 ,oM_ks0zPMPC-1C5uUsp5-kUQVhoM	 ,男	 ,	 ,
1183	 ,oM_ks07qC7HwPzCwZ9azSs_QR634	 ,男	 ,	 ,
1184	 ,oM_ks0_WdHW8weh1_cbdJnUVfDV8	 ,女	 ,	 ,
1185	 ,oM_ks07YOJdzq0PUj5xi3p8sD6Bg	 ,男	 ,	 ,
1186	 ,oM_ks0_UyHqz9OeUkKwUYCbrAcgQ	 ,男	 ,	 ,
1187	 ,oM_ks00TLJeo2rJPwg-LkFU-Nndo	 ,男	 ,	 ,
1188	 ,oM_ks02Vp_E8OzG7wXZJQaLMTCS4	 ,男	 ,	 ,
1189	 ,oM_ks07-WIewWl-WMA0RQ98OFAnk	 ,男	 ,	 ,
1190	 ,oM_ks08gT_qeLSQ7Vn-A9f6dSZfA	 ,女	 ,	 ,
1191	 ,oM_ks02C9khvJ6eKA1aJcd7G1Bb8	 ,男	 ,	 ,
1192	 ,oM_ks0y6xyE4VJNV_LzTVr4Qxvqk	 ,女	 ,	 ,
1193	 ,oM_ks00J6TYjcQfBnSOfOgYvpx64	 ,男	 ,	 ,
1194	 ,oM_ks0xKpy8T1pRPU4JmXRsIU5AQ	 ,男	 ,	 ,
1195	 ,oM_ks03uwv_UUJfB-h-cLh-ewo2g	 ,男	 ,	 ,
1196	 ,oM_ks09CuJWVvRVF5U9dh6P9knG8	 ,男	 ,	 ,
1197	 ,oM_ks0y4kujTdlCmdmKTWvjyPOiY	 ,男	 ,	 ,
1198	 ,oM_ks07ekUbfVlaz862uOX0FdFMc	 ,男	 ,	 ,
1199	 ,oM_ks02n4pHCgUVmbxFUPgXzvbz4	 ,男	 ,	 ,
1200	 ,oM_ks0-It3S4K_qla5r6faBLWjXQ	 ,男	 ,	 ,
1201	 ,oM_ks02cj7KNsvNwboO7Vs8-4SG8	 ,男	 ,	 ,
1202	 ,oM_ks06U6-yIFbPU5yj6Dm-QU7ZQ	 ,男	 ,	 ,
1203	 ,oM_ks00DGpxpmREdd89vfJ8xhv04	 ,男	 ,	 ,
1204	 ,oM_ks0xkO-8saGYiQsU8r712PFY0	 ,男	 ,	 ,
1205	 ,oM_ks00WiKGO9Xs8wO4kx_0AWfqU	 ,男	 ,	 ,
1206	 ,oM_ks0wb1UUurulAoKs__GsBUzlo	 ,男	 ,	 ,
1207	 ,oM_ks0-6JNpe4EPmRrPA54TIBQZE	 ,男	 ,	 ,
1208	 ,oM_ks01YYZFXxqreNEYTyu3wf4W8	 ,男	 ,	 ,
1209	 ,oM_ks0yI9c24uUMe2q95Y_WHrMrg	 ,男	 ,	 ,
1210	 ,oM_ks03GwCZ157Buz6TwWca1Loz0	 ,男	 ,	 ,
1211	 ,oM_ks03G5hiaiH1CXXeov2Y7twHc	 ,男	 ,	 ,
1212	 ,oM_ks043vjv2mXM8qd91YF7LAZUc	 ,男	 ,	 ,
1213	 ,oM_ks09oVjIRB-IuxVuGq4oVBFRs	 ,男	 ,	 ,
1214	 ,oM_ks071Db8ZIvBAkj-ZvQRo2Y84	 ,男	 ,	 ,
1215	 ,oM_ks05XQ6QA1T2oIkyCM-2wn8DI	 ,男	 ,	 ,
1216	 ,oM_ks07H0yAdN0T1Rgn1ZuHA0B8U	 ,0	 ,	 ,
1217	 ,oM_ks07lmist_iW-gZyaD0fRjv30	 ,男	 ,	 ,
1218	 ,oM_ks05pGV5Ne-P7u2omN5wnN8_4	 ,男	 ,	 ,
1219	 ,oM_ks02CL4Mrlhc_JW2sKARv-rWo	 ,男	 ,	 ,
1220	 ,oM_ks05N9SatmoYshiYtaH1keydU	 ,男	 ,	 ,
1221	 ,oM_ks02y4UI5FNgDnmP1mSpfSdqE	 ,男	 ,	 ,
1222	 ,oM_ks03c1p9ulGwAoGiAHdwGFp4M	 ,男	 ,	 ,
1223	 ,oM_ks05UbZz6BXlGGKpChKKkAr6I	 ,男	 ,	 ,
1224	 ,oM_ks0_EsY3rnHy4Qsv4Bjof2mVQ	 ,男	 ,	 ,
1225	 ,oM_ks05CsxEyXhw4h2Tjzw2xDjtw	 ,男	 ,	 ,
1226	 ,oM_ks0xGHiOxEO2wQfdCjzczeUl0	 ,男	 ,	 ,
1227	 ,oM_ks02KV4fqDx05GPCyjs56HNrI	 ,男	 ,	 ,
1228	 ,oM_ks02IIeG4-5vPWJzauf6OH7z4	 ,女	 ,	 ,
1229	 ,oM_ks0wJAZFaxko2tRIjkCTiF6pc	 ,男	 ,	 ,
1230	 ,oM_ks0yvSPf1zuTvhkXi57alORrg	 ,男	 ,	 ,
1231	 ,oM_ks0xiYpi76DfrsvTX3xrto000	 ,男	 ,	 ,
1232	 ,oM_ks0_oQi3dwVqRJdFNha_N6dFU	 ,男	 ,	 ,
1233	 ,oM_ks08aKIE8Nxkpi-bwpIHvk3OY	 ,男	 ,	 ,
1234	 ,oM_ks00S7sEyvGG2Ea8jwbg9kusE	 ,男	 ,	 ,
1235	 ,oM_ks0y0E4H859gHJyfra0YJb0xQ	 ,男	 ,	 ,
1236	 ,oM_ks03g27RayN9QdvQYo4YmnESY	 ,男	 ,	 ,
1237	 ,oM_ks0wyk7Z0NWE8KNMcjq674K40	 ,女	 ,	 ,
1238	 ,oM_ks00JldmEUlmmJ_aMXemnsmHI	 ,男	 ,	 ,
1239	 ,oM_ks0xOJqMxeDq9NB_w1YIl9kqE	 ,男	 ,	 ,
1240	 ,oM_ks05zMtxvKrIMcX09Z03yqWFA	 ,男	 ,	 ,
1241	 ,oM_ks09335lK1eoJZEm1ajA7I8PY	 ,0	 ,	 ,
1242	 ,oM_ks0wOzsWTWLmJTsiiy8O4XSJw	 ,男	 ,	 ,
1243	 ,oM_ks09wwW-oTJhmy1mdHwBJzR9U	 ,男	 ,	 ,
1244	 ,oM_ks05lc-5Ktz_0wcTrU6MmTfAo	 ,男	 ,	 ,
1245	 ,oM_ks03QzIRyt6u9yq58POFLttYE	 ,男	 ,	 ,
1246	 ,oM_ks0wDqf3uyLdjcMpgQ_ny-hYM	 ,男	 ,	 ,
1247	 ,oM_ks031m8DoVWZL0MD3g77wt-Og	 ,男	 ,	 ,
1248	 ,oM_ks07PE_NgWgGBFPo7m31wwOzc	 ,女	 ,	 ,
1249	 ,oM_ks01JOnAC_BSF25plyOCVTA_8	 ,男	 ,	 ,
1250	 ,oM_ks01crrtb5nsks5WaiRLeTBzs	 ,男	 ,	 ,
1251	 ,oM_ks08AW6H6oKVNex_p4OsTfyfg	 ,男	 ,	 ,
1252	 ,oM_ks0xzyVZ9qjzvoyOwm2IDttz0	 ,女	 ,	 ,
1253	 ,oM_ks0w59N8qq8DcbTh3dsbbpnms	 ,男	 ,	 ,
1254	 ,oM_ks02Vu3unD_a7799PFb8S5fHg	 ,男	 ,	 ,
1255	 ,oM_ks08Jcc97jjVc7zZ7cOoBkyGk	 ,男	 ,	 ,
1256	 ,oM_ks066FxKun51M-NzRFGBrhi2c	 ,男	 ,	 ,
1257	 ,oM_ks0w02BqWGfkSV3HsmzQZTl94	 ,男	 ,	 ,
1258	 ,oM_ks0wl1J8ESZV7MB0tB11B5TUg	 ,男	 ,	 ,
1259	 ,oM_ks05Cr0UwFr3e_82hyXhRogLU	 ,男	 ,	 ,
1260	 ,oM_ks09nO6qnA79JUmcMjzqUWdTM	 ,男	 ,	 ,
1261	 ,oM_ks07v5fW77JmcjN110CniuB0c	 ,男	 ,	 ,
1262	 ,oM_ks0yvWCDzU-3r_QdgjQUeg3Lc	 ,男	 ,	 ,
1263	 ,oM_ks074QAMlD5UOL63osoPxf_Oo	 ,男	 ,	 ,
1264	 ,oM_ks06qrjGRzz1zEiJcgiuuyw0k	 ,男	 ,	 ,
1265	 ,oM_ks04auUfbxlzoSA--7WJfmWZ4	 ,男	 ,	 ,
1266	 ,oM_ks0y5usj2nc4YuBS8ulsceTqc	 ,男	 ,	 ,
1267	 ,oM_ks01-lCoOv4ZgETWArRNfZcbc	 ,女	 ,	 ,
1268	 ,oM_ks0-H3xp4UbsFA1Bcw3DQBMss	 ,男	 ,	 ,
1269	 ,oM_ks0wMK_Ut8lW3KVMQjyXf_d8w	 ,0	 ,	 ,
1270	 ,oM_ks087mBSV_SNGBiCCxhZabYOA	 ,男	 ,	 ,
1271	 ,oM_ks0_hcwLzSU8VZw_bon9WVWac	 ,男	 ,	 ,
1272	 ,oM_ks02a_FJJUbWKFsxQ34zsE2HU	 ,男	 ,	 ,
1273	 ,oM_ks00ocXhsUaLIF-e4-mGWuka4	 ,0	 ,	 ,
1274	 ,oM_ks002cSlXzZQaH4KXMmDY9P84	 ,女	 ,	 ,
1275	 ,oM_ks02O95KyJFy3td5bBi-Rtekg	 ,0	 ,	 ,
1276	 ,oM_ks03FZDLh49VZL6cXuu2zsNpY	 ,男	 ,	 ,
1277	 ,oM_ks0x7S9iltJlfbYUaOakydGS0	 ,0	 ,	 ,
1278	 ,oM_ks05onaJYNt9FmagWbWeMbvw8	 ,男	 ,	 ,
1279	 ,oM_ks007b-kDIuSoqlcIoo3gY0tc	 ,0	 ,	 ,
1280	 ,oM_ks083If2mQ_ppK-_rkOPR1-dc	 ,男	 ,	 ,
1281	 ,oM_ks0xZnshbeTmFnbhI9zclWqFE	 ,男	 ,	 ,
1282	 ,oM_ks07gvmTeWIaR0gKa7vyDNXww	 ,男	 ,	 ,
1283	 ,oM_ks03AGPOr5_lqoXfU1VIf1x6E	 ,男	 ,	 ,
1284	 ,oM_ks02Px08SjH53YehMCG0lNnEQ	 ,男	 ,	 ,
1285	 ,oM_ks06UiPgb1LOU0FjYC_-Ss-bE	 ,男	 ,	 ,
1286	 ,oM_ks0w7qtCkpUCieSZY98VElMZQ	 ,男	 ,	 ,
1287	 ,oM_ks02-qrZ0gufaM2ZqaM5-LRZE	 ,男	 ,	 ,
1288	 ,oM_ks0-9AnswThR0n4Db5nQVBmUI	 ,男	 ,	 ,
1289	 ,oM_ks04yfzl9fSKSjQXFu3XaqnKQ	 ,女	 ,	 ,
1290	 ,oM_ks01GaHdVo76Sl460t9OvbeMg	 ,男	 ,	 ,
1291	 ,oM_ks03UuitLVL6U43YUJCnaoiQo	 ,男	 ,	 ,
1292	 ,oM_ks08xcda-2gkoor8B94_cC7mA	 ,男	 ,	 ,
1293	 ,oM_ks0zOD0N9WzOkrGfkLOEfAEBc	 ,女	 ,	 ,
1294	 ,oM_ks00drSycyxyflnnFJHEYVMuA	 ,男	 ,	 ,
1295	 ,oM_ks03Ih7r6p6dCAsVu3pHTmnE8	 ,0	 ,	 ,
1296	 ,oM_ks0zqrkZHNvRwCgLpb9_wc51I	 ,男	 ,	 ,
1297	 ,oM_ks07_LYXVr80DZfs_64Wc4Gmw	 ,女	 ,	 ,
1298	 ,oM_ks05IojTrYOq2ROakN7k1Vh5Y	 ,男	 ,	 ,
1299	 ,oM_ks08CdEnspsE34tD9FxdRsZZw	 ,男	 ,	 ,
1300	 ,oM_ks02PdeH0ipsgqnEzA8VOSxsw	 ,男	 ,	 ,
1301	 ,oM_ks091-ihnG9tUmCUcnLbHK1Lg	 ,男	 ,	 ,
1302	 ,oM_ks0yVzn7jzyzuUJ3xDc5oO68E	 ,男	 ,	 ,
1303	 ,oM_ks0-y5YEoJtIoHeSC0y_m8T-o	 ,男	 ,	 ,
1304	 ,oM_ks0xurmM3BPQuRtd1QblKIM-I	 ,男	 ,	 ,
1305	 ,oM_ks013CbteGAQJbSPWhheuBCfU	 ,男	 ,	 ,
1306	 ,oM_ks07T1dXw_9E4yzI71ofMRl9o	 ,男	 ,	 ,
1307	 ,oM_ks0098s-1WP3hPN9et9rLr8q4	 ,男	 ,	 ,
1308	 ,oM_ks03Wfb7vawe39-Pj66binTB8	 ,男	 ,	 ,
1309	 ,oM_ks07R2aiFB-Fwl6nV7J5JA_zY	 ,男	 ,	 ,
1310	 ,oM_ks00s4xhFOqfWAdsruYcboKRE	 ,男	 ,	 ,
1311	 ,oM_ks004RJ8q8wJUj_4mcTHrF2mM	 ,男	 ,	 ,
1312	 ,oM_ks02F4ZINisBPsbkgOY2E1CDQ	 ,男	 ,	 ,
1313	 ,oM_ks00hv5vMcLkfHRdXarVVf8P8	 ,男	 ,	 ,
1314	 ,oM_ks09D8yLryis8-vsze-uK7MhQ	 ,男	 ,	 ,
1315	 ,oM_ks0-OPVE-Mdf-7vxK01XKilH8	 ,男	 ,	 ,
1316	 ,oM_ks07i8_5TAr6_zB5ML2RoNX14	 ,男	 ,	 ,
1317	 ,oM_ks04VvYh3kTghxb4N9nyRPHYo	 ,女	 ,	 ,
1318	 ,oM_ks0-JpJ-j2fa5uRSHNuSF21G4	 ,女	 ,	 ,
1319	 ,oM_ks0_MNhd_Qm2Fkdq2y-r6sStg	 ,男	 ,	 ,
1320	 ,oM_ks09lhYPVv33wj1po57gjlT5s	 ,男	 ,	 ,
1321	 ,oM_ks0xhCGXAPFanAzL1y8_I3d4s	 ,男	 ,	 ,
1322	 ,oM_ks00d5bJjxF_v_eSNVKXf0B6g	 ,男	 ,	 ,
1323	 ,oM_ks0xwV2O6gCDmVASBtDVpxLU8	 ,男	 ,	 ,
1324	 ,oM_ks09YAjVyW-kpOc9TnU1gjwiw	 ,男	 ,	 ,
1325	 ,oM_ks079vI7TPyeAOyTatoMYa79g	 ,男	 ,	 ,
1326	 ,oM_ks06FAUcxaDLbibpFk1lgULgw	 ,男	 ,	 ,
1327	 ,oM_ks0_O1TM9u8YU9x5C70trLP30	 ,男	 ,	 ,
1328	 ,oM_ks06EC5xRu6FJ6Ac2A_Qj_URo	 ,男	 ,	 ,
1329	 ,oM_ks09hp6WHls-ALLylXUmj6Q4M	 ,男	 ,	 ,
1330	 ,oM_ks02-f5IHEzN5q7XvND5g5Xsw	 ,男	 ,	 ,
1331	 ,oM_ks07F4Lcn8EH1U8ZETkGilZWs	 ,男	 ,	 ,
1332	 ,oM_ks00ff1zgAA2xIeHZAldQ5hpE	 ,男	 ,	 ,
1333	 ,oM_ks03KkBZQi0qPhZ_mnucEV5g4	 ,男	 ,	 ,
1334	 ,oM_ks0_ajeWCM00c0IzpGhvdRkN0	 ,男	 ,	 ,
1335	 ,oM_ks00FNZgUw-3QWfqEhZlKT3VQ	 ,男	 ,	 ,
1336	 ,oM_ks04MczNON77qwAMxSQrYKURc	 ,男	 ,	 ,
1337	 ,oM_ks0wRHWfnld0uVz3234yxSy4g	 ,男	 ,	 ,
1338	 ,oM_ks07RY33RWTfQPx7tvxnzJDfQ	 ,男	 ,	 ,
1339	 ,oM_ks01pOIbEBAZfVz8KunhPt-QE	 ,男	 ,	 ,
1340	 ,oM_ks043poY8kxYUS98dFhQ8w5u8	 ,0	 ,	 ,
1341	 ,oM_ks0_KfQsciBjfBSVyOkbdNHX4	 ,男	 ,	 ,
1342	 ,oM_ks03d_zTnWHjwl2h_CVOinqzU	 ,男	 ,	 ,
1343	 ,oM_ks0x5Y9maNyPVtstJUcgg1jN8	 ,男	 ,	 ,
1344	 ,oM_ks09ZOsN6Viu00jqExUW8OpgE	 ,男	 ,	 ,
1345	 ,oM_ks095uKi8pg73aLM38UsW4lSM	 ,男	 ,	 ,
1346	 ,oM_ks0xqaqZjNSn60cFuxgZqiXqc	 ,男	 ,	 ,
1347	 ,oM_ks03yyyUHEwYUK8FG7BL6aWa8	 ,男	 ,	 ,
1348	 ,oM_ks05ygaHcq7uHVgsbfZCaL9gQ	 ,男	 ,	 ,
1349	 ,oM_ks0wpTZEkOwCoaJ8vHpTOB2_E	 ,男	 ,	 ,
1350	 ,oM_ks02wZKPYgHrblJEtvu5B8JG8	 ,男	 ,	 ,
1351	 ,oM_ks0zu0ep6JVzaK9TKkPi8whQc	 ,男	 ,	 ,
1352	 ,oM_ks0xnk_wiLSwFoVsOhbjRjlDU	 ,男	 ,	 ,
1353	 ,oM_ks07Rpp4aymJTe5YVuMPWOvnM	 ,男	 ,	 ,
1354	 ,oM_ks0-uzZoG8tZvsohqcbontbyo	 ,男	 ,	 ,
1355	 ,oM_ks0_c_tMtBQCiJGw2RBaJbCGI	 ,男	 ,	 ,
1356	 ,oM_ks0_diKvy1VG9bwOVnt-H3b_Q	 ,男	 ,	 ,
1357	 ,oM_ks0zWphPT36H-cxhdL1SH4T1M	 ,男	 ,	 ,
1358	 ,oM_ks05whv2THPg2scppwXMBlH6E	 ,男	 ,	 ,
1359	 ,oM_ks0699z0OZ1pN2oD_BJbTAsSI	 ,男	 ,	 ,
1360	 ,oM_ks0zPP7YT7CYNuxyYw7it69cE	 ,男	 ,	 ,
1361	 ,oM_ks0yMUorhCKRO3D5cADJSfEi4	 ,男	 ,	 ,
1362	 ,oM_ks098ivzRDW2hDNwAsOxfArv4	 ,男	 ,	 ,
1363	 ,oM_ks03RGOcDgSA8XscZ15J-Z3ck	 ,男	 ,	 ,
1364	 ,oM_ks0xbDuVHa-MQqRlkyjpIEiSk	 ,女	 ,	 ,
1365	 ,oM_ks07xmJYg7fFTgLE8gIa81nSA	 ,男	 ,	 ,
1366	 ,oM_ks06M4Z4F8QPCI0P7D0XDyRKM	 ,男	 ,	 ,
1367	 ,oM_ks0-P13EHlMWgYjQpZMRwWd_o	 ,女	 ,	 ,
1368	 ,oM_ks0z0aiN-_kOwM2iHaG36Gcxs	 ,男	 ,	 ,
1369	 ,oM_ks05nKZS6WNQICPb9Bfc7bsqo	 ,男	 ,	 ,
1370	 ,oM_ks0_K_FzkrUuak-C3n4-4z8Ww	 ,男	 ,	 ,
1371	 ,oM_ks0yKrToceAGhB_a7KLP-WlhQ	 ,男	 ,	 ,
1372	 ,oM_ks01Zdc0I1DdaQAPjpyL7t2QA	 ,男	 ,	 ,
1373	 ,oM_ks06uZ7NMk7c0UMPmBnRxPYqE	 ,男	 ,	 ,
1374	 ,oM_ks0wOu1rFfmee4CRXLbIndYpE	 ,男	 ,	 ,
1375	 ,oM_ks04L8Gom_URqvVBJ30fbDKUU	 ,男	 ,	 ,
1376	 ,oM_ks0_aFZSryhpEQhW9Y1Q0oxeI	 ,男	 ,	 ,
1377	 ,oM_ks08fMjbxc_mWdxFmFafrCJxA	 ,男	 ,	 ,
1378	 ,oM_ks0zIKCu5nDGGgKlMkFXf0I-g	 ,男	 ,	 ,
1379	 ,oM_ks0zLHQ8rNPEi9V34jgeQi2S4	 ,男	 ,	 ,
1380	 ,oM_ks08QBnKee4BExzePoWMRHmFg	 ,0	 ,	 ,
1381	 ,oM_ks02LI_ITbzYd8fYqWxMBeHcU	 ,男	 ,	 ,
1382	 ,oM_ks00l9agiDGXWy3nS5FMEZsHU	 ,男	 ,	 ,
1383	 ,oM_ks0wlucJbB_stxKudKcpl2epc	 ,男	 ,	 ,
1384	 ,oM_ks0zOVlXemPrY4G9eoNXY4gaE	 ,男	 ,	 ,
1385	 ,oM_ks0zio7zfNq-W2WJxx1v_wBq0	 ,0	 ,	 ,
1386	 ,oM_ks09XXbO86gl7IyAext5T1KGs	 ,女	 ,	 ,
1387	 ,oM_ks08mK2a1bdTSDYVTPArObQD4	 ,男	 ,	 ,
1388	 ,oM_ks0zBju6xKhty6RuDtdcxYqKU	 ,男	 ,	 ,
1389	 ,oM_ks06FlmE02uRH5RToX1qZTCx4	 ,男	 ,	 ,
1390	 ,oM_ks04693LLJldCSTf7A-o0wjkA	 ,女	 ,	 ,
1391	 ,oM_ks05byT7p0V0FmP63oynvaSUc	 ,男	 ,	 ,
1392	 ,oM_ks01Z35GQiqgvh4jFjb4yfZ64	 ,0	 ,	 ,
1393	 ,oM_ks0_jfUyBdSJF01BX_1mRCWC8	 ,男	 ,	 ,
1394	 ,oM_ks0-G345LBqqJZH8UW0pdjziM	 ,男	 ,	 ,
1395	 ,oM_ks02sff2kds8rQdEGHGMdsXfw	 ,男	 ,	 ,
1396	 ,oM_ks0xfF3BT-O8wgAKyMOfZpBMI	 ,男	 ,	 ,
1397	 ,oM_ks0y8LXBFe98-vuZNfPMg_-0Y	 ,男	 ,	 ,
1398	 ,oM_ks09Jhn2NEvhYNvrw6Nlsy56I	 ,男	 ,	 ,
1399	 ,oM_ks01XrC_w-MZipp74jRO_n8zw	 ,男	 ,	 ,
1400	 ,oM_ks03xvZKI3rdjXyZNEFc8Xnf8	 ,男	 ,	 ,
1401	 ,oM_ks0-FoTIytZyPA_dnmKuny3uQ	 ,男	 ,	 ,
1402	 ,oM_ks0-U5c1f_oFxsoFi6XCN5f6w	 ,男	 ,	 ,
1403	 ,oM_ks0w9ktl78bBMOT8qsRtLeeh8	 ,男	 ,	 ,
1404	 ,oM_ks0-vQCMvGdNigruW4ZY8BWeM	 ,男	 ,	 ,
1405	 ,oM_ks03xh4BjwowjrLiyvif2pKBY	 ,男	 ,	 ,
1406	 ,oM_ks07DLwztgqSEL3x4T6ByX1SA	 ,0	 ,	 ,
1407	 ,oM_ks05Oj0_RxCc-pK2qN4fUNTh4	 ,男	 ,	 ,
1408	 ,oM_ks03m0hVVqPB82-jJPO6KFZ7Y	 ,男	 ,	 ,
1409	 ,oM_ks02CFG0uf9hEvj2cmBVI4RL8	 ,男	 ,	 ,
1410	 ,oM_ks08w4qTHYczmUSrJofCnJKw4	 ,男	 ,	 ,
1411	 ,oM_ks00f0OiZdSpmQ7Z3YgdN-j9w	 ,男	 ,	 ,
1412	 ,oM_ks0_GwbrNd4SEwnQkCWgeXrMM	 ,0	 ,	 ,
1413	 ,oM_ks03Z4_VEFW17bri1xl8WVA04	 ,男	 ,	 ,
1414	 ,oM_ks0xFkummGQ62ogSz4pFWd85w	 ,女	 ,	 ,
1415	 ,oM_ks00LvDavnGixJHhlvwZrJsGg	 ,男	 ,	 ,
1416	 ,oM_ks0w6sAfGQ0zizi-fAmEcNjys	 ,男	 ,	 ,
1417	 ,oM_ks0zBrCtIYWTRnF-61kPN29xM	 ,男	 ,	 ,
1418	 ,oM_ks07jHGT3s53xegW1ejiRSJc8	 ,男	 ,	 ,
1419	 ,oM_ks06tivYT3R6jrrIRnVS9y7fA	 ,男	 ,	 ,
1420	 ,oM_ks02uRhG_FGKrx1pdVvSnJVnE	 ,男	 ,	 ,
1421	 ,oM_ks07MtkphTCYr-Nqqh66Eyd-E	 ,女	 ,	 ,
1422	 ,oM_ks05w_P0wlHP1AisW3AiW8umQ	 ,男	 ,	 ,
1423	 ,oM_ks00bGb_FOOuKzYE474YNWrDU	 ,男	 ,	 ,
1424	 ,oM_ks04V-uCcP7FAz4Sh4XOyHKIo	 ,男	 ,	 ,
1425	 ,oM_ks0xrx0L2SwhGOLFypavpxXtQ	 ,男	 ,	 ,
1426	 ,oM_ks0ytEUZAK5y1t33cg9HJ6J64	 ,女	 ,	 ,
1427	 ,oM_ks0yaYXeN_mDt1AJfmZCLtTSU	 ,男	 ,	 ,
1428	 ,oM_ks03zdb8xnmayVgF6Lkcw4GQI	 ,男	 ,	 ,
1429	 ,oM_ks03uLqEjr9qyC70FR2I_efMw	 ,男	 ,	 ,
1430	 ,oM_ks04aQOY54sV-LlKuomu0dRmo	 ,男	 ,	 ,
1431	 ,oM_ks04cU7eKaRBnVRPhGk6WWX_4	 ,男	 ,	 ,
1432	 ,oM_ks0-nDIl-a9uzQ5FLPQLLbXR0	 ,男	 ,	 ,
1433	 ,oM_ks00nbeAOXjSVJ4vbak8S6MUo	 ,男	 ,	 ,
1434	 ,oM_ks040t1DQ4Z8tIDcq7xnYKpuk	 ,男	 ,	 ,
1435	 ,oM_ks0yfgmlsYT4NM2ml9OAdEY14	 ,女	 ,	 ,
1436	 ,oM_ks0zsR1hBnQAIaD9vWV8k9UbM	 ,男	 ,	 ,
1437	 ,oM_ks0_qpAF58ZgMu00UrCHmqQhc	 ,女	 ,	 ,
1438	 ,oM_ks0y_iDIbfw0yhTc1-cQzuTW4	 ,女	 ,	 ,
1439	 ,oM_ks0zUSaGePJfe1zLyn2Pbw1-Q	 ,0	 ,	 ,
1440	 ,oM_ks01BzCyK_T-KRlOiOKUKxnwA	 ,男	 ,	 ,
1441	 ,oM_ks06J2pvx5T_LnNx32HDdk0Ho	 ,女	 ,	 ,
1442	 ,oM_ks0_XbUJHnIG3kahLaEOzR2Tk	 ,男	 ,	 ,
1443	 ,oM_ks0-DcJGFozGD2vLS7p9ZNSl0	 ,男	 ,	 ,
1444	 ,oM_ks09g1qufFj7JjpcEbLTay1J8	 ,男	 ,	 ,
1445	 ,oM_ks06Q__OHjsNptDA3g9qzCPz0	 ,男	 ,	 ,
1446	 ,oM_ks0xkaWzR4JVEuek0QKv67MJQ	 ,男	 ,	 ,
1447	 ,oM_ks0-3wnKV1ncK072DR6pL7j-8	 ,男	 ,	 ,
1448	 ,oM_ks01vlPxpF-rCLxaNppqMBucI	 ,男	 ,	 ,
1449	 ,oM_ks07gxZxVTTfbucFTsLglE6wA	 ,男	 ,	 ,
1450	 ,oM_ks0y2wmXGpqp_Haro2h5SzFD4	 ,女	 ,	 ,
1451	 ,oM_ks0875VP-3sJL6f2yTPuyUEmE	 ,男	 ,	 ,
1452	 ,oM_ks099_8WJo1yH4Naq7DTA0V54	 ,男	 ,	 ,
1453	 ,oM_ks06WA6TjG1RBJK-jflDODVME	 ,女	 ,	 ,
1454	 ,oM_ks06mV0uk8bBuyvPiYULFod-o	 ,男	 ,	 ,
1455	 ,oM_ks0zZUfF60x2DtKOTExV5RX9k	 ,0	 ,	 ,
1456	 ,oM_ks08tw-OqukIROmA82yW0sQjQ	 ,男	 ,	 ,
1457	 ,oM_ks0yMfkT10A2wyPfXyviGoZ0g	 ,男	 ,	 ,
1458	 ,oM_ks0zaJA5IqCNxGwjkP4bLxD6k	 ,男	 ,	 ,
1459	 ,oM_ks0xy__SmuproM6mZBuXLvmBs	 ,0	 ,	 ,
1460	 ,oM_ks05Ed4k73q7RqPq5BXjos7Yo	 ,男	 ,	 ,
1461	 ,oM_ks0wb7I9tS_9b2TfVhKZYcWWA	 ,男	 ,	 ,
1462	 ,oM_ks08jc0KWg3o5vDQmMRJB7RJ8	 ,男	 ,	 ,
1463	 ,oM_ks05KofEBBN_eEveXu-kvC5r0	 ,男	 ,	 ,
1464	 ,oM_ks02rc-YwgxT-tw5_cMlbMhqE	 ,男	 ,	 ,
1465	 ,oM_ks0zxvJKVFAvxXwvAZfbOugXw	 ,男	 ,	 ,
1466	 ,oM_ks03b3PjAHuswNwcLTBzY0Auc	 ,男	 ,	 ,
1467	 ,oM_ks0xzJBVswdhoTf-kAGIKUm4A	 ,男	 ,	 ,
1468	 ,oM_ks04u-yDUW6V5O2-g83UiEnqs	 ,男	 ,	 ,
1469	 ,oM_ks07fxbHobw2zvdFyrwAGG3kU	 ,男	 ,	 ,
1470	 ,oM_ks053pTa-3_TO6ZefMrkn_tMg	 ,男	 ,	 ,
1471	 ,oM_ks08kvyoQQbo9N8HTnAS6FgLk	 ,男	 ,	 ,
1472	 ,oM_ks0-aHeZGdCeWwrk9Hvft-bp0	 ,男	 ,	 ,
1473	 ,oM_ks0xqZW3lBoxVLCZZMxF6wNCY	 ,男	 ,	 ,
1474	 ,oM_ks026iwrzgUvjamtUIwF_8VkU	 ,男	 ,	 ,
1475	 ,oM_ks0yaAfPcdA-YylvBdVjOGABo	 ,男	 ,	 ,
1476	 ,oM_ks0wE-GjJ5b7VSUPH4WsTwUvI	 ,男	 ,	 ,
1477	 ,oM_ks0yNsYaCJsjuPN5HAc5UmPwI	 ,男	 ,	 ,
1478	 ,oM_ks07z3YxqUvMaElpuoZdcVJew	 ,男	 ,	 ,
1479	 ,oM_ks09LRvqmMdYeC6z57nTyzyYY	 ,男	 ,	 ,
1480	 ,oM_ks0xWLwslFo_e_h3sPymptlcA	 ,男	 ,	 ,
1481	 ,oM_ks04ABWq_uQXxV60HzApjUz2U	 ,男	 ,	 ,
1482	 ,oM_ks02yhJuBqDbr82-D_V0A1MXU	 ,男	 ,	 ,
1483	 ,oM_ks01CMsD-aBRORYpulzySYEJM	 ,男	 ,	 ,
1484	 ,oM_ks04-xdTm2sXHavhIN7ojBfJU	 ,男	 ,	 ,
1485	 ,oM_ks00tof6SahNOUhKE2rwT2xSk	 ,男	 ,	 ,
1486	 ,oM_ks02GZN4nN8K5WgcRAaQmPSt4	 ,女	 ,	 ,
1487	 ,oM_ks08TfhXn3Yb6k32O0STmpWb4	 ,男	 ,	 ,
1488	 ,oM_ks07qPxxqqgknGFME9a1X8rvI	 ,男	 ,	 ,
1489	 ,oM_ks039k3OqaYDB_9jlWBOeVoyI	 ,男	 ,	 ,
1490	 ,oM_ks0xh2A_PMNQLa7a8YNAoav-g	 ,女	 ,	 ,
1491	 ,oM_ks02VBc4tS7ABZ15h5P48ygs8	 ,0	 ,	 ,
1492	 ,oM_ks05i0_Yqtfi6V7A6HjfLgvLc	 ,男	 ,	 ,
1493	 ,oM_ks0yjbzMBbYYSEw5bR72VkCXg	 ,男	 ,	 ,
1494	 ,oM_ks009ft-x9DMlKoxBJJUsv2CY	 ,男	 ,	 ,
1495	 ,oM_ks0wGPNg37995IXNl1n0_jbtY	 ,男	 ,	 ,
1496	 ,oM_ks033sWbdH0v1sFCAabF5W1yw	 ,男	 ,	 ,
1497	 ,oM_ks0xFMUsncO7BLj6yTJViWDMY	 ,男	 ,	 ,
1498	 ,oM_ks0xzRhInAzlK_uZ5oTiyt914	 ,男	 ,	 ,
1499	 ,oM_ks02JV8GXFcvlEQedny_Mg8TA	 ,男	 ,	 ,
1500	 ,oM_ks09PaVUI4GdWhArEeSJVWLHE	 ,男	 ,	 ,
1501	 ,oM_ks02MbAgCDoA-rek2qCIIKs-8	 ,男	 ,	 ,
1502	 ,oM_ks0xIDsss5Sjm4SnPM9rZ8LFM	 ,男	 ,	 ,
1503	 ,oM_ks04eDvwhnGX7JXDywpyggLwk	 ,男	 ,	 ,
1504	 ,oM_ks0y_cSfDhRMV1V16Avl3eCQQ	 ,女	 ,	 ,
1505	 ,oM_ks0220BSynoaE57beTtdxaP8Q	 ,男	 ,	 ,
1506	 ,oM_ks03ks00zbEt3qM1YlLWcC1wQ	 ,男	 ,	 ,
1507	 ,oM_ks05VehOVNaWOelcX9MvUndU0	 ,男	 ,	 ,
1508	 ,oM_ks08Ohr5dHBVZPGzqtH5rEmVw	 ,男	 ,	 ,
1509	 ,oM_ks078ZdMnrmQhxDvnTtRv4TBw	 ,男	 ,	 ,
1510	 ,oM_ks03b8vOjYpz5zRGpoZ9mtjcc	 ,男	 ,	 ,
1511	 ,oM_ks087Druf2k_ANSgkKh0wRrSA	 ,男	 ,	 ,
1512	 ,oM_ks0zpIexmz7YGpv8qsnL0n8m0	 ,男	 ,	 ,
1513	 ,oM_ks015uiA7lXqJ8-VvWDw865yE	 ,0	 ,	 ,
1514	 ,oM_ks005_7MtvyrX3hUdE-LmAb0w	 ,女	 ,	 ,
1515	 ,oM_ks03_JSOiO4jk8CwvqQNN1UCs	 ,男	 ,	 ,
1516	 ,oM_ks05FmiL3pvFlslZbYZd8cGWk	 ,女	 ,	 ,
1517	 ,oM_ks08bfmqsFJivhQsqVuAHxJIc	 ,男	 ,	 ,
1518	 ,oM_ks04hI48HBYb_jlxmJ9kxuCPo	 ,男	 ,	 ,
1519	 ,oM_ks09rXjUSV6HD3Zpsx2PzIrV8	 ,男	 ,	 ,
1520	 ,oM_ks07fufHtbMSFvKLVm_0FphP0	 ,女	 ,	 ,
1521	 ,oM_ks088hpvVxDEvb-yPa7y1Brbg	 ,男	 ,	 ,
1522	 ,oM_ks05Kqe_3z0YVdA_nfxjMBGQc	 ,男	 ,	 ,
1523	 ,oM_ks0-fO4hpbVefSsP9JZA2ZnYQ	 ,男	 ,	 ,
1524	 ,oM_ks02qg0aKKi0fTyjVzky7vBzg	 ,男	 ,	 ,
1525	 ,oM_ks09N9v-eOg_zO3reCZnKXoOw	 ,男	 ,	 ,
1526	 ,oM_ks02DJypOboeUHRAmBw8L7EQ4	 ,男	 ,	 ,
1527	 ,oM_ks04B67oA_KvDcui-elXHIfIc	 ,男	 ,	 ,
1528	 ,oM_ks01-GHjCpmmp3mS0e0DxKMJ4	 ,男	 ,	 ,
1529	 ,oM_ks05BT_xdNFx-ri2_a-bGJCIo	 ,男	 ,	 ,
1530	 ,oM_ks00IVv46M6VPKG6Mwnh6H9UY	 ,男	 ,	 ,
1531	 ,oM_ks05Lu5OCPBSfXlrsfH3X6-Co	 ,男	 ,	 ,
1532	 ,oM_ks0z9mJBirU8uUL1phM8w8Hhs	 ,男	 ,	 ,
1533	 ,oM_ks0y_TcAxnnChSifj1qc6nWqI	 ,男	 ,	 ,
1534	 ,oM_ks01ozRtZeBy1Q26frHXwCk48	 ,女	 ,	 ,
1535	 ,oM_ks0-NMoxypmoyhrakX8ywsOZk	 ,男	 ,	 ,
1536	 ,oM_ks0_cNV-qSLPj08YmUDHYacWA	 ,男	 ,	 ,
1537	 ,oM_ks02TgYYgUZN9dHgSv75scmGk	 ,男	 ,	 ,
1538	 ,oM_ks0wgleJsB9DS_AyJGFUMQPrE	 ,女	 ,	 ,
1539	 ,oM_ks0-gq1DEcwXQXgQzRmNkbtqM	 ,男	 ,	 ,
1540	 ,oM_ks07IonLuAP53arUTmvTzKNRE	 ,男	 ,	 ,
1541	 ,oM_ks06uJa_OKnzK5r0qNqfdd10s	 ,男	 ,	 ,
1542	 ,oM_ks0_xWiTrYlaaZtsKoyURv5UY	 ,男	 ,	 ,
1543	 ,oM_ks02YnQhP93uEItki5buIwTIQ	 ,男	 ,	 ,
1544	 ,oM_ks00OmVsWQBALNytldMA3xtjM	 ,男	 ,	 ,
1545	 ,oM_ks0zfeGF9V6OLk9uECrh8OZTo	 ,男	 ,	 ,
1546	 ,oM_ks026PJ_cFEiFejXX3H3oOHAQ	 ,男	 ,	 ,
1547	 ,oM_ks0xbBH9W_CvskoRG1M8KeSds	 ,男	 ,	 ,
1548	 ,oM_ks08hXskvR0Jn6R7y5A8oBcHg	 ,男	 ,	 ,
1549	 ,oM_ks0zh0Gmuei1VVe2cbIPNzy_Q	 ,男	 ,	 ,
1550	 ,oM_ks05HEketzTgrJSDeRH-f1ob0	 ,男	 ,	 ,
1551	 ,oM_ks0-64POZb3BNGjveaMkiqYwA	 ,男	 ,	 ,
1552	 ,oM_ks0y1k75Gd0SQKULsuQ0NXbQs	 ,男	 ,	 ,
1553	 ,oM_ks0-f40wqcEF4TGcg5965JZ04	 ,男	 ,	 ,
1554	 ,oM_ks06EjAVkmDoNyuU07z8xkitA	 ,0	 ,	 ,
1555	 ,oM_ks0-4DppBE4eEf0P5Q4Wwwwkk	 ,男	 ,	 ,
1556	 ,oM_ks06Z8cxopMDGyEshe_YGjhWQ	 ,男	 ,	 ,
1557	 ,oM_ks04f5HzSiCWwD9Ysv5X48hWQ	 ,男	 ,	 ,
1558	 ,oM_ks044dB8Ss2bwctk6FZIkYPgE	 ,男	 ,	 ,
1559	 ,oM_ks02Ups-UuHSTbjiC_2YVfJQ0	 ,男	 ,	 ,
1560	 ,oM_ks0ykDdvLj5grjCwleB0TgMxc	 ,男	 ,	 ,
1561	 ,oM_ks0_RYCkNYdwBcrjtOgGowl2Y	 ,男	 ,	 ,
1562	 ,oM_ks0xX0-wuthkD6p1ZS34XU8-M	 ,男	 ,	 ,
1563	 ,oM_ks0z2f7Jz7oh_iGG25LuUeWB0	 ,男	 ,	 ,
1564	 ,oM_ks0879wZOVHxP8KwAh1lCx94A	 ,男	 ,	 ,
1565	 ,oM_ks09BHFPZRDcO4BooJBn6HFrQ	 ,男	 ,	 ,
1566	 ,oM_ks08echNCocr4N58nMhyktAHs	 ,男	 ,	 ,
1567	 ,oM_ks0yE6vXamOqe3W8uj4UODz0U	 ,男	 ,	 ,
1568	 ,oM_ks0053nkqK9R-E-mm_3cV2q1o	 ,男	 ,	 ,
1569	 ,oM_ks08LgWoFNbiHVJWnSIh4siQU	 ,男	 ,	 ,
1570	 ,oM_ks0zzpq7JwqzbXQQTNl-cLz-o	 ,男	 ,	 ,
